full_text,created_at,label1,label2,label3,final_label,clean_text
polri benar-benar luar biasa! Jaga kuaitas makanan MBG mantap tenan. Program Pak Prabowo jadi lebih tepercaya. Keep up the good work https://t.co/6f1iZDF871,2025-10-31 14:15:13+00:00,Positif,Positif,Negatif,Positif,polri benar benar luar biasa jaga kuaitas makanan mbg mantap tenan program pak prabowo jadi lebih tepercaya keep up the good work
ga sia-sia kerja keras Polri buat dukung program Prabowo lewat kualitas makanan. Good job https://t.co/L8Ns6wbmUg ,2025-10-31 14:55:49+00:00,Positif,Positif,Negatif,Positif,ga sia sia kerja keras polri buat dukung program prabowo lewat kualitas makanan good job
hebat Polri dukung makanan MBG yg berkualitas. Jempol deh buat program Prabowo semoga sukses besar ya https://t.co/5zJ6vwXCEX,2025-10-31 22:36:49+00:00,Negatif,Negatif,Negatif,Negatif,hebat polri dukung makanan mbg yg berkualitas jempol deh buat program prabowo semoga sukses besar
Keberhasilan Presiden Prabowo membangun Papua dirasakan nyata masyarakat. Melalui program pembangunan merata infrastruktur semakin maju serta peningkatan bidang pendidikan kesehatan dan ekonomi Papua bergerak menuju masa depan lebih sejahtera #KerjaNyataPresidenUtkPapua https://t.co/pNKqECWaLd,2025-10-31 22:08:48+00:00,Positif,Positif,Positif,Positif,keberhasilan presiden prabowo membangun papua dirasakan nyata masyarakat melalui program pembangunan merata infrastruktur semakin maju peningkatan bidang pendidikan kesehatan ekonomi papua bergerak menuju masa depan lebih sejahtera
luar biasa Polri! Berkomitmen jaga kualitas makanan MBG cocok bgt utk dukung program hebat Pak Prabowo https://t.co/Z53iIgAGnF,2025-10-31 22:18:24+00:00,Negatif,Negatif,Negatif,Negatif,luar biasa polri berkomitmen jaga kualitas makanan mbg cocok bgt utk dukung program hebat pak prabowo
Terima kasih Pak @prabowo sangat menyukai ini . Smoga kelak Bapak diberi kesempatan bertemu Khalid bin Walid radhiallaahu anhu amin https://t.co/Ph09lXkYYv,2025-10-31 17:21:15+00:00,Positif,Negatif,Positif,Positif,terima kasih pak sangat menyukai smoga kelak bapak diberi kesempatan bertemu khalid bin walid radhiallaahu anhu amin
salut buat Polri yang terus jaga kualitas makanan MBG! Langkah positif dukung program Pak Prabowo. Maju terus demi generasi sehat dan kuat https://t.co/xyPvlOa8KT,2025-10-31 17:56:00+00:00,Negatif,Negatif,Negatif,Negatif,salut buat polri terus jaga kualitas makanan mbg langkah positif dukung program pak prabowo maju terus generasi sehat kuat
Siswa penerima makan bergizi gratis atau MBG di Jawa Tengah menyelipkan permintaan menu dan terima kasih ke Presiden Prabowo dengan cara yang unik. Simak berita selengkapnya hanya di https://t.co/6JJAT1Pjug #HardNews_Viral #FlashOne #CariBeritaditvOne #MBG #JawaTengah https://t.co/2Ba3ZNCIIe,2025-10-31 23:30:00+00:00,Positif,Positif,Positif,Positif,siswa penerima makan bergizi gratis mbg jawa tengah menyelipkan permintaan menu terima kasih presiden prabowo cara unik simak berita selengkapnya
bangga bgt sama Polri! Turut andil jaga kualitas makanan MBG pastinya mendukung penuh program presiden Prabowo. Sedap nih liat langkah positif gini https://t.co/H7mt4I8om4,2025-10-31 16:53:37+00:00,Negatif,Positif,Negatif,Negatif,bangga bgt sama polri turut andil jaga kualitas makanan mbg pastinya mendukung penuh program presiden prabowo sedap nih liat langkah positif gini
Jokowi bukan negarawan: 1. Intervensi putusan MK 90. 2. Pernyataan presiden boleh berpihak dan berkampanye. 3. Mencuri APBN dan 4. Mobilisasi aparatur utk pemenangan Prabowo Gibran 2 Feb 2024: https://t.co/jPaI0YWVYM #GantungJokowiNegarawanPalsu #GantungJokowiNegarawanPalsu https://t.co/EMZs50KNnw,2025-10-31 18:44:25+00:00,Negatif,Negatif,Negatif,Negatif,jokowi bukan negarawan intervensi putusan mk pernyataan presiden berpihak berkampanye mencuri apbn mobilisasi aparatur utk pemenangan prabowo gibran feb
Berkat Presiden Prabowo makin punya semangat jaga kesehatan karena cek kesehatan gratis udah jadi kenyataan #CekKesehatanGratis https://t.co/ulqA13Xn2v,2025-10-31 22:36:06+00:00,Positif,Positif,Positif,Positif,berkat presiden prabowo makin punya semangat jaga kesehatan cek kesehatan gratis udah jadi kenyataan
makanan MBG aman Polri siap sedia! Dukung full program Pak Prabowo biar semua bisa sehat berkualitas. Good job https://t.co/lYInFJxNp3,2025-10-31 21:05:39+00:00,Negatif,Positif,Negatif,Negatif,makanan mbg aman polri siap sedia dukung full program pak prabowo biar semua sehat berkualitas good job
Dukungan masyarakat ke Presiden Prabowo soal pembangunan Sekolah Rakyat di Sukoharjo tuh total banget #SekolahRakyat https://t.co/kH3x1kz2Us,2025-10-31 22:51:26+00:00,Positif,Positif,Positif,Positif,dukungan masyarakat presiden prabowo soal pembangunan sekolah rakyat sukoharjo tuh total banget
Indonesia adil berkeadilan rukun makmur Jika Presiden mendukung lembaga penegak hukum menumpas bajingan negara dengan system yg TEGAS! Monitor Yth Bpk Presiden @prabowo @DPR_RI @KejaksaanRI @KPK_RI @Gerindra 1 th 12 hari Presiden @prabowo https://t.co/jm5fGJGPCr,2025-10-31 23:04:25+00:00,Positif,Negatif,Positif,Positif,indonesia adil berkeadilan rukun makmur presiden mendukung lembaga penegak hukum menumpas bajingan negara system yg tegas monitor yth bpk presiden th hari presiden
1 th 12 hari Presiden @prabowo Indonesia adil berkeadilan rukun makmur Jika Presiden mendukung lembaga penegak hukum menumpas bajingan negara dengan system yg TEGAS! Monitor Yth Bpk Presiden @prabowo @DPR_RI @KejaksaanRI @KPK_RI @Gerindra https://t.co/tZV4ynGoyN,2025-10-31 22:19:21+00:00,Positif,Negatif,Positif,Positif,th hari presiden indonesia adil berkeadilan rukun makmur presiden mendukung lembaga penegak hukum menumpas bajingan negara system yg tegas monitor yth bpk presiden
Presiden Prabowo bawa perubahan masyarakat Papua jadi makin sehat berkat air bersih dari pipanisasi TNI #TNIJagaPapua https://t.co/DEYF7P2lnr,2025-10-31 22:08:56+00:00,Positif,Positif,Positif,Positif,presiden prabowo bawa perubahan masyarakat papua jadi makin sehat berkat air bersih pipanisasi tni
Pembangunan Sekolah Rakyat bakal bawa perubahan gede makasih Presiden Prabowo atas dukungannya #SekolahRakyat https://t.co/zBNbbyRz5v,2025-10-31 23:06:35+00:00,Positif,Positif,Positif,Positif,pembangunan sekolah rakyat bakal bawa perubahan gede makasih presiden prabowo atas dukungannya
Jangan sampai ketinggalan! Kesempatan Magang Nasional Batch 2 untuk 80.000 lulusan perguruan tinggi di seluruh Indonesia Setelah sukses dengan Batch 1 yang menjaring 20.000 peserta Kementerian Ketenagakerjaan (Kemnaker) bersama Pemerintahan Presiden Prabowo https://t.co/zcaEqKGLBt,2025-10-31 23:58:24+00:00,Positif,Positif,Positif,Positif,jangan ketinggalan kesempatan magang nasional batch lulusan perguruan tinggi seluruh indonesia sukses batch menjaring peserta kementerian ketenagakerjaan kemnaker bersama pemerintahan presiden prabowo
polri makin keren dgn gape jaga kualitas mbg. Langkah gemilang utk dukung program Pak Prabowo. Keep it up https://t.co/rCVRD1BXr2,2025-10-31 23:05:27+00:00,Negatif,Positif,Negatif,Negatif,polri makin keren dgn gape jaga kualitas mbg langkah gemilang utk dukung program pak prabowo keep it up
wah mantap Polri turut serta pastikan makanan MBG terjaga kualitasnya. Langkah cerdas dukung Prabowo! Rakyat jadi tambah sehat lanjutkan kerja hebatnya https://t.co/VV2LRQHFZy,2025-10-31 17:15:40+00:00,Negatif,Positif,Negatif,Negatif,wah mantap polri turut pastikan makanan mbg terjaga kualitasnya langkah cerdas dukung prabowo rakyat jadi tambah sehat lanjutkan kerja hebatnya
dukung terus Polri yg serius jaga makanan MBG. Ini langkah cerdas buat pastikan program Pak Prabowo sukses. Semangat ya https://t.co/ylG5By6dSq,2025-10-31 22:23:04+00:00,Negatif,Positif,Negatif,Negatif,dukung terus polri yg serius jaga makanan mbg langkah cerdas buat pastikan program pak prabowo sukses semangat
bravo Polri selalu siap siaga utk dukung Prabowo lewat kontrol makanan MBG. Ini baru namanya kerja nyata utk rakyat https://t.co/1muGgfHSFh,2025-10-31 16:03:25+00:00,Negatif,Positif,Negatif,Negatif,bravo polri selalu siap siaga utk dukung prabowo lewat kontrol makanan mbg baru namanya kerja nyata utk rakyat
seneng bgt lihat komitmen Polri utk pastiin mutu MBG support presiden Prabowo full! Ini yang rakyat harapkan sinergi &amp; kerja nyata bersama. Go Polri https://t.co/6c7M8nB0Ho,2025-10-31 22:54:46+00:00,Negatif,Positif,Negatif,Negatif,seneng bgt lihat komitmen polri utk pastiin mutu mbg support presiden prabowo full rakyat harapkan sinergi amp kerja nyata bersama go polri
respect deh sama Polri! Dedikasinya jaga makanan MBG makin yakinin kita kalo prgrm Prabowo bakal sukses https://t.co/APEFPf2oo4,2025-10-31 18:21:43+00:00,Negatif,Positif,Negatif,Negatif,respect deh sama polri dedikasinya jaga makanan mbg makin yakinin kalo prgrm prabowo bakal sukses
Di mana pemerintah kita? Apakah kita diam saja? Jangan hanya karena Gaza kita bersuara. Ini lebih berbahaya dan parah. Kehancuran peradaban manusia sudah didepan mata. @prabowo https://t.co/10IZ9g0zG4,2025-10-31 23:04:44+00:00,Positif,Negatif,Positif,Positif,mana pemerintah diam jangan gaza bersuara lebih berbahaya parah kehancuran peradaban manusia didepan mata
1. Pak Prabowo jangan ikut2an Jokowi. Yang Jokowi katakan bertolak belakang dengan yang dia kerjakan. Dia Raja Bohong. Luar biasa bohongnya (Faisal Basri) #GantungJokowiNegarawanPalsu #GantungJokowiNegarawanPalsu https://t.co/uJeVrWG3eR,2025-10-31 18:49:34+00:00,Negatif,Negatif,Negatif,Negatif,pak prabowo jangan ikutan jokowi jokowi katakan bertolak belakang kerjakan raja bohong luar biasa bohongnya faisal basri
Visi PRESISI dan Agenda Reformasi Polri di Era Pemerintahan Prabowo Subianto: Sinergi Etika Teknologi dan Keadilan https://t.co/rDa3l6M7Nc,2025-10-31 18:39:30+00:00,Positif,Positif,Positif,Positif,visi presisi agenda reformasi polri era pemerintahan prabowo subianto sinergi etika teknologi keadilan
Satu tahun pemerintahan presiden Prabowo Subianto pembangunan IKN maju tanpa ragu https://t.co/JwgQdcFsnK,2025-10-31 23:41:48+00:00,Negatif,Positif,Negatif,Negatif,satu tahun pemerintahan presiden prabowo subianto pembangunan ikn maju ragu
Media Inggris The Guardian: IKN di Bawah Prabowo Terancam Jadi Kota Hantu https://t.co/PG78BzoAEt lewat @Keuangan News https://t.co/DhxxYQLIH3,2025-10-31 21:54:10+00:00,Negatif,Negatif,Negatif,Negatif,media inggris the guardian ikn bawah prabowo terancam jadi kota hantu lewat news
Dengan kepemimpinan Presiden Prabowo TNI bisa kasih solusi nyata buat akses air bersih di Kampung Bulangkop Papua makin maju bro #TNIJagaPapua https://t.co/tAQFtmWT1Q,2025-10-31 22:08:45+00:00,Positif,Positif,Positif,Positif,kepemimpinan presiden prabowo tni kasih solusi nyata buat akses air bersih kampung bulangkop papua makin maju bro
Kolaborasi masyarakat dengan Presiden Prabowo buat Sekolah Rakyat di Jateng pantas diacungi jempol #SekolahRakyat https://t.co/OnDWLvYPQj,2025-10-31 22:22:24+00:00,Positif,Positif,Positif,Positif,kolaborasi masyarakat presiden prabowo buat sekolah rakyat jateng pantas diacungi jempol
@ins_d21 @OmJ_J3Nggott @prabowo @RajaJuliAntoni Masyarakat bisa mengajukan verifikasi status lahan ke Badan Pertanahan Nasional (BPN) untuk konfirmasi bahwa izin tambang galian C telah dicabut atau expired setelah 20 tahun terlantar sesuai UU Minerba dan UUPA. Jika terbukti ditinggalkan lahan wajib direklamasi oleh negara,2025-10-31 23:39:32+00:00,Positif,Negatif,Positif,Positif,masyarakat mengajukan verifikasi status lahan badan pertanahan nasional bpn konfirmasi izin tambang galian c dicabut expired tahun terlantar sesuai uu minerba uupa terbukti ditinggalkan lahan wajib direklamasi negara
Sebangsat inikah @pertamina ... Selama pemerintahan pak @prabowo Berapa kasus mengenai @pertamina dan @KementerianESDM yg muncul dan terungkap serta bikin heboh publik / masyarakat? Kasus maha besar OPLOSAN PERTAMAX masih di periode pak @jokowi https://t.co/sN06IQgxdh,2025-10-31 17:47:25+00:00,Positif,Negatif,Positif,Positif,sebangsat inikah selama pemerintahan pak berapa kasus mengenai yg muncul terungkap bikin heboh publik masyarakat kasus maha besar oplosan pertamax periode pak
Jalur Cepat Atasi Krisis Dokter: Prabowo Siap Kirim Ratusan Mahasiswa RI Kuliah Kedokteran ke Selandia Baru https://t.co/vOf3jbmKlp #prabowoguncangpbb #KTT #APEC2025 #Prabowo #dokter #NewZealand #PikiranRakyatKuningan,2025-10-31 16:17:35+00:00,Positif,Positif,Positif,Positif,jalur cepat atasi krisis dokter prabowo siap kirim ratusan mahasiswa ri kuliah kedokteran selandia baru
Langkah strategis Presiden @prabowo dalam memperkuat kerja sama pendidikan dgn Selandia Baru menjadi bukti bahwa peningkatan kualitas SDM tetap menjadi prioritas utama Indonesia. Pertukaran pelajar &amp; kolaborasi antarpendidik adalah jembatan menuju masa depan yg lebih cerdas https://t.co/X3wmrtGP6d,2025-10-31 23:43:00+00:00,Positif,Positif,Positif,Positif,langkah strategis presiden memperkuat kerja sama pendidikan dgn selandia baru menjadi bukti peningkatan kualitas sdm tetap menjadi prioritas utama indonesia pertukaran pelajar amp kolaborasi antarpendidik jembatan menuju masa depan yg lebih cerdas
Purbaya Berpeluang Gagalkan Prabowo-Gibran Dua Periode https://t.co/bLvq4F1XB8,2025-10-31 23:18:53+00:00,Negatif,Positif,Negatif,Negatif,purbaya berpeluang gagalkan prabowo gibran periode
salut untk Polri! Konsisten jaga kualitas MBG dukung program Pres Prabowo. Pancarkan aura positif bg bangsa ini https://t.co/UPJPorqPpf,2025-10-31 22:28:22+00:00,Negatif,Positif,Negatif,Negatif,salut untk polri konsisten jaga kualitas mbg dukung program pres prabowo pancarkan aura positif bg bangsa
bangga sm Polri yg ambil bagian dlm menjaga kualitas makanan MBG Demi program kesehatan Prabowo. Ayo semangat terus https://t.co/BxmmdHqLmv,2025-10-31 18:47:19+00:00,Negatif,Positif,Negatif,Negatif,bangga sm polri yg ambil bagian dlm menjaga kualitas makanan mbg program kesehatan prabowo ayo semangat terus
keren banget Polri serius jaga kualitas makanan MBG utk program Prabowo! Terus maju demi sehatnya Indonesia https://t.co/hci7yh31HT,2025-10-31 18:40:27+00:00,Negatif,Positif,Negatif,Negatif,keren banget polri serius jaga kualitas makanan mbg utk program prabowo terus maju sehatnya indonesia
kerja cerdas Polri! Asupan sehat dr MBG bantu sukses prgm Bpk Prabowo. Pakai hati dan otot gas terus https://t.co/tUkndIfaBp,2025-10-31 20:39:52+00:00,Negatif,Positif,Negatif,Negatif,kerja cerdas polri asupan sehat dr mbg bantu sukses prgm bpk prabowo pakai hati otot gas terus
Presiden @prabowo Subianto disambut hangat oleh Presiden Korea Selatan dan Ibu Negara pada Gala Dinner KTT APEC 2025 di Seoul. https://t.co/d8LTaxR3FV,2025-10-31 15:14:19+00:00,Positif,Positif,Positif,Positif,presiden subianto disambut hangat presiden korea selatan ibu negara gala dinner ktt apec seoul
#PoldaMetroJaya #DPR_RI #Prabowo #PTUN #KejaksaanRI #ICJ #ICC Tidak ada bukti ijazah Jokowi Asli ! Diduga menyembunyikan barang bukti kejahatan pemalsuan dokumen negara berdasarkan pasal 263 di pidana paling lama 7 tahun. https://t.co/BNYEzJPKHs,2025-10-31 23:42:00+00:00,Positif,Negatif,Positif,Positif,bukti ijazah jokowi asli diduga menyembunyikan barang bukti kejahatan pemalsuan dokumen negara berdasarkan pasal pidana paling lama tahun
andalan Polri emang solid dlm mendukung visi Prabowo. Trskan kerjasama hebat ini demi rakyat yg lebih sehat https://t.co/Rd8xxyUqgl,2025-10-31 23:12:51+00:00,Negatif,Positif,Negatif,Negatif,andalan polri emang solid dlm mendukung visi prabowo trskan kerjasama hebat rakyat yg lebih sehat
mantap Polri! Kualitas makanan terjaga dgn baik demi mendukung program Prabowo. Kalian adalah pahlawan kesehatan https://t.co/GuaCGSiceB,2025-10-31 23:53:59+00:00,Negatif,Positif,Negatif,Negatif,mantap polri kualitas makanan terjaga dgn baik mendukung program prabowo kalian pahlawan kesehatan
Prabowo Subianto resmi mencabut Perpres Nomor 98 Tahun 2021 yang sebelumnya menempatkan Luhut Binsar Pandjaitan sebagai Ketua Komite Pengarah Pengendalian Emisi Nasional. https://t.co/ssZNVvhzHp,2025-10-31 23:22:26+00:00,Positif,Positif,Positif,Positif,prabowo subianto resmi mencabut perpres nomor tahun sebelumnya menempatkan luhut binsar pandjaitan ketua komite pengarah pengendalian emisi nasional
Ga bertahan lama jatoh pemerintahan ini gatau kenapa feeling gua kuat aja gitu ngeliat kelakuan pemerintag dari pusat sampai daerah menyikapi kritik masyarakat. Padahal kalau prabowo luwes aja dan pede nyikatnyikatin orang disekitarnya bisa smooth hmm,2025-10-31 23:01:52+00:00,Positif,Negatif,Positif,Positif,ga bertahan lama jatoh pemerintahan gatau feeling gua kuat aja gitu ngeliat kelakuan pemerintag pusat daerah menyikapi kritik masyarakat padahal kalau prabowo luwes aja pede nyikatnyikatin orang disekitarnya smooth hmm
Hehehe... Makin ke sini memang makin mbingungi soal Danantara Presiden @prabowo ini. Di Singapura yang namanya Tamasek dan GIC memberi kontribusi 20% lebih untuk kebutuhan belanja Pemerintah Singapura. Mendanai berbagai program pemerintah di pendidikan kesehatan,2025-10-31 16:17:37+00:00,Positif,Negatif,Positif,Positif,hehehe makin sini memang makin mbingungi soal danantara presiden singapura namanya tamasek gic memberi kontribusi lebih kebutuhan belanja pemerintah singapura mendanai berbagai program pemerintah pendidikan kesehatan
Presiden Prabowo yg akan bekerja selalu diganggu oleh termul2 di kabinet merasa TDK nyaman maka Prabowo tempatkan diposisi strategis seorang koboi utk hajar para termul2 tsb yg edit keren https://t.co/qOUOuc8vsN,2025-10-31 16:16:17+00:00,Positif,Negatif,Positif,Positif,presiden prabowo yg bekerja selalu diganggu termul kabinet merasa tdk nyaman prabowo tempatkan diposisi strategis seorang koboi utk hajar termul tsb yg edit keren
Prabowo Dorong Mahasiswa Kedokteran Indonesia Kuliah di Selandia Baru https://t.co/1fwUMDAmbi,2025-10-31 16:35:06+00:00,Positif,Positif,Positif,Positif,prabowo dorong mahasiswa kedokteran indonesia kuliah selandia baru
Presiden Prabowo: Indonesia dan Selandia Baru Siap Perluas Kerja Sama Bidang Pendidikan hingga Kesehatan https://t.co/ubRl04GgXt,2025-10-31 17:03:25+00:00,Positif,Positif,Positif,Positif,presiden prabowo indonesia selandia baru siap perluas kerja sama bidang pendidikan hingga kesehatan
Negara Pancasila Abad 21: Rekonstruksi Menuju Strong Ethical State - Refleksi Filosofis atas Visi Kepemimpinan Prabowo Subianto https://t.co/1AEzUMk3s6,2025-10-31 18:41:18+00:00,Negatif,Positif,Negatif,Negatif,negara pancasila abad rekonstruksi menuju strong ethical state refleksi filosofis atas visi kepemimpinan prabowo subianto
Kepala BGN dapat nilai 8 dari Prabowo Subianto berkat penyaluran MBG https://t.co/OkxCDWZ3b9,2025-10-31 23:07:42+00:00,Positif,Positif,Positif,Positif,kepala bgn nilai prabowo subianto berkat penyaluran mbg
Tanpa penegakan hukum atas keracunan MBG. Citra Pak @prabowo bisa runtuh di 2026. RUU Perampasan Aset tidak jelas. Menteri ESDM blunder mulu. Pertambangan ilegal masih marak dan merusak lingkungan.,2025-10-31 17:53:05+00:00,Positif,Negatif,Positif,Positif,penegakan hukum atas keracunan mbg citra pak runtuh ruu perampasan aset jelas menteri esdm blunder mulu pertambangan ilegal marak merusak lingkungan
Etika Negara Hukum Pancasila: Refleksi Filsafat atas Politik Hukum di Era Presiden Prabowo Subianto https://t.co/XG5dCDfydE,2025-10-31 18:42:30+00:00,Positif,Negatif,Positif,Positif,etika negara hukum pancasila refleksi filsafat atas politik hukum era presiden prabowo subianto
Pertemuan Trump-Xi Jinping Prabowo Sebut Ekonomi Dunia Butuh Ketenangan https://t.co/BKvxV2uSvW,2025-10-31 16:49:08+00:00,Positif,Negatif,Positif,Positif,pertemuan trump xi jinping prabowo sebut ekonomi dunia butuh ketenangan
Dalam sambutannya Presiden Republik Indonesia Jenderal TNI (Purn.) H. Prabowo Subianto menyampaikan apresiasi dan kepercayaan penuh kepada Kepolisian Negara Republik Indonesia (Polri). Ucapan tersebut menegaskan komitmen Presiden RI dalam memberikan dukungan moral https://t.co/Qsk6ptrFis,2025-10-31 23:41:51+00:00,Negatif,Negatif,Negatif,Negatif,sambutannya presiden republik indonesia jenderal tni purn h prabowo subianto menyampaikan apresiasi kepercayaan penuh kepolisian negara republik indonesia polri ucapan tersebut menegaskan komitmen presiden ri memberikan dukungan moral
salut untk Polri! Konsisten jaga kualitas MBG dukung program Pres Prabowo. Pancarkan aura positif bg bangsa ini https://t.co/cp0FL3XhDi,2025-10-31 22:23:11+00:00,Negatif,Negatif,Negatif,Negatif,salut untk polri konsisten jaga kualitas mbg dukung program pres prabowo pancarkan aura positif bg bangsa
bravo Polri! Menjaga mutu makan menjaga negeri. Program2 Pak Prabowo emang bgs jgn kasih kendor https://t.co/UtXQHBNNFw,2025-10-31 17:27:59+00:00,Negatif,Positif,Negatif,Negatif,bravo polri menjaga mutu makan menjaga negeri program pak prabowo emang bgs jgn kasih kendor
mantul bgt Polri! Jaga kualitas makanan MBG xcelling sekali. Support abis deh utk program Pak Prabowo https://t.co/ORIJlVnlnk,2025-10-31 22:53:20+00:00,Negatif,Positif,Negatif,Negatif,mantul bgt polri jaga kualitas makanan mbg xcelling sekali support abis deh utk program pak prabowo
kerja cerdas Polri! Asupan sehat dr MBG bantu sukses prgm Bpk Prabowo. Pakai hati dan otot gas terus https://t.co/WyW8agniiZ,2025-10-31 16:23:37+00:00,Negatif,Positif,Negatif,Negatif,kerja cerdas polri asupan sehat dr mbg bantu sukses prgm bpk prabowo pakai hati otot gas terus
bangganya lihat Polri all out jaga makanan MBG. Kompak sama program Pak Prabowo bikin kita optimis https://t.co/6yefkFooC0,2025-10-31 16:53:59+00:00,Negatif,Positif,Negatif,Negatif,bangganya lihat polri all out jaga makanan mbg kompak sama program pak prabowo bikin optimis
polri emg keren bgt ya! Dukung 100% usaha jaga mutu MBG demi suksesnya langkah hebat Prabowo. Maju terus buat negeri https://t.co/zZXs8POhEM,2025-10-31 17:45:02+00:00,Negatif,Positif,Negatif,Negatif,polri emg keren bgt dukung usaha jaga mutu mbg suksesnya langkah hebat prabowo maju terus buat negeri
Pads tanggal 31 Oktober 2014 saya hadir di pemotretan tabloid mingguan gaya hidup dengan Sarah Sechan. Untuk sampul saya memilih tokoh menarik tak terlalu pencitraan mudah kerjasama. Sarah tepat. Syut di Dharmawangsa hotel favorit Presiden Prabowo kalau tidak salah. https://t.co/ZTxE3DrHss,2025-10-31 15:17:39+00:00,Negatif,Positif,Negatif,Negatif,pads tanggal oktober hadir pemotretan tabloid mingguan gaya hidup sarah sechan sampul memilih tokoh menarik tak terlalu pencitraan mudah kerjasama sarah tepat syut dharmawangsa hotel favorit presiden prabowo kalau salah
Prabowo ambil langkah strategis di Korea Selatan üáÆüá©üá∞üá∑ Tujuannya: memperkuat peran Indonesia dalam forum KTT APEC 2025! Baca selengkapnya https://t.co/MdHpStDxTd #Prabowo #APEC2025 #diplomasi #ekonomi #politikindonesia #megadewa88portal https://t.co/TZROLB8G7F,2025-10-31 20:53:50+00:00,Positif,Positif,Positif,Positif,prabowo ambil langkah strategis korea selatan üáÆüá©üá∞üá∑ tujuannya memperkuat peran indonesia forum ktt apec baca selengkapnya
Presiden Prabowo Subianto mengatakan Indonesia saat ini tengah berjuang melawan korupsi hingga pebisnis rakus yang menghambat pertumbuhan ekonomi negara. https://t.co/L8EVzK4qCa,2025-10-31 15:48:07+00:00,Positif,Positif,Positif,Positif,presiden prabowo subianto mengatakan indonesia tengah berjuang melawan korupsi hingga pebisnis rakus menghambat pertumbuhan ekonomi negara
Mau bayar pajak kendaraan ini hari sabtu gak buka lah @KemenkeuRI @prabowo . Tolong pelayanan masyarakat di hari sabtu sama minggu di buka pak,2025-10-31 23:25:53+00:00,Positif,Negatif,Positif,Positif,mau bayar pajak kendaraan hari sabtu gak buka lah pelayanan masyarakat hari sabtu sama minggu buka pak
ya Allah aku mimpi pak Prabowo ngumumin CPNS resmi dibuka antara februari atau Maret 2026 Bissmillah. tp itu pas puasa gasi ga mungkin kalau ada pembukaan tapi gada yg ga mungkin didunia ini semoga mimpiku jadi nyata,2025-10-31 22:53:52+00:00,Negatif,Positif,Negatif,Negatif,allah aku mimpi pak prabowo ngumumin cpns resmi dibuka februari maret bissmillah tp pas puasa gasi ga mungkin kalau pembukaan gada yg ga mungkin didunia semoga mimpiku jadi nyata
Kepemimpinan Politik dan Literasi Ekonomi: Relevansi Gagasan Prabowo Subianto dalam Menyiapkan Generasi Pemimpin Indonesia Baru https://t.co/E5eLqVbThu,2025-10-31 18:38:33+00:00,Negatif,Positif,Negatif,Negatif,kepemimpinan politik literasi ekonomi relevansi gagasan prabowo subianto menyiapkan generasi pemimpin indonesia baru
Kl mereka tak sanggup mengendalikan Prabowo mereka pasti akan jd bunglon sebelum jadi benalu di inang berikutnya. Sebaiknya benalu benalu bangsa ini diberi perawatan khusus saja.,2025-10-31 22:58:33+00:00,Negatif,Negatif,Negatif,Negatif,kl tak sanggup mengendalikan prabowo jd bunglon jadi benalu inang berikutnya sebaiknya benalu benalu bangsa diberi perawatan khusus
Presiden Prabowo Subianto bentuk tim koordinasi lintas kementerian dukung program makan bergizi gratis https://t.co/0Y4YYzhqrJ,2025-10-31 23:03:51+00:00,Positif,Positif,Positif,Positif,presiden prabowo subianto bentuk tim koordinasi lintas kementerian dukung program makan bergizi gratis
Dan Pak @prabowo pun bisa... Teriak Hidup Jokowi...!!! Dan endingnya bakal bikin dia merintih pedih!!!!,2025-10-31 19:08:06+00:00,Negatif,Negatif,Negatif,Negatif,pak teriak hidup jokowi endingnya bakal bikin merintih pedih
Usai Bertemu PM Selandia Baru Prabowo Tegaskan Komitmen Perkuat SDM Indonesia https://t.co/XCPFPvtBgp,2025-10-31 17:02:07+00:00,Positif,Positif,Positif,Positif,usai bertemu pm selandia baru prabowo tegaskan komitmen perkuat sdm indonesia
Maklum Prabowo bs jadi Presiden dari hasil kecurangan Pilpres thn 2024-2029.Ribuan suara pemilih digandakan.Bukti kekalahan Prabowo-Gibran semuanya ada di KPU.Setelah pasangan Prabowo terpilih kemudian muncul pembuktian klu memang benar pasangan Prabowo menang pilpres curang .,2025-10-31 20:16:21+00:00,Negatif,Negatif,Negatif,Negatif,maklum prabowo bs jadi presiden hasil kecurangan pilpres thn ribuan suara pemilih digandakan bukti kekalahan prabowo gibran semuanya kpu pasangan prabowo terpilih kemudian muncul pembuktian klu memang benar pasangan prabowo menang pilpres curang
Bisa tidak ya Presiden menonaktifkan memberikan sanksi administratif pejabat daerah yang arogan pada masyarakat? @prabowo @Gerindra @DPR_RI @FPKSDPRRI,2025-10-31 23:49:00+00:00,Positif,Negatif,Positif,Positif,presiden menonaktifkan memberikan sanksi administratif pejabat daerah arogan masyarakat
Negara Pancasila dan Kedaulatan Energi: Politik Pemberantasan Mafia Migas di Era Presiden Prabowo Subianto https://t.co/5I9rLuELPv,2025-10-31 18:40:47+00:00,Positif,Negatif,Positif,Positif,negara pancasila kedaulatan energi politik pemberantasan mafia migas era presiden prabowo subianto
Menteri PU Ungkap Alasan Proyek Tol PSN Prabowo Masih Sepi Peminat https://t.co/MonSi3cSEz,2025-10-31 15:36:10+00:00,Positif,Negatif,Positif,Positif,menteri pu ungkap alasan proyek tol psn prabowo sepi peminat
Prabowo Inginkan Percepatan Pembangunan Papua #KerjaNyataPresidenUtkPapua https://t.co/n7JLFpwfbO,2025-10-31 13:36:13+00:00,Positif,Positif,Positif,Positif,prabowo inginkan percepatan pembangunan papua
Presiden Prabowo Prioritaskan Pembangunan Pendidikan di Papua #KerjaNyataPresidenUtkPapua https://t.co/YqrgNXt1JN,2025-10-31 13:34:45+00:00,Positif,Positif,Positif,Positif,presiden prabowo prioritaskan pembangunan pendidikan papua
#Repost @kementerian.atrbpn ... Halo #SobATRBPN setahun kepemimpinan Presiden RI Prabowo Subianto dan Wakil Presiden RI Gibran Rakabuming bersama Kabinet Merah Putih terus mencatatkan hasil positif. Nah Kementerian ATR/BPN sebagai leading sector https://t.co/3C2WgW1WEb,2025-10-31 23:53:14+00:00,Negatif,Positif,Negatif,Negatif,atrbpn halo setahun kepemimpinan presiden ri prabowo subianto wakil presiden ri gibran rakabuming bersama kabinet merah putih terus mencatatkan hasil positif nah kementerian atr bpn leading sector
Prabowo Ingin Perbanyak Mahasiswa Kedokteran Indonesia Kuliah di Selandia Baru https://t.co/oh2iMHw9SI,2025-10-31 16:36:07+00:00,Positif,Positif,Positif,Positif,prabowo perbanyak mahasiswa kedokteran indonesia kuliah selandia baru
Fraksi PKS Desak Prabowo Perhatikan Maluku Bukan Hanya Pulau Jawa https://t.co/zD7t2KiV7x,2025-10-31 16:53:38+00:00,Positif,Positif,Positif,Positif,fraksi pks desak prabowo perhatikan maluku bukan pulau jawa
3 Menteri Prabowo dengan Kepuasan Publik Tertinggi Versi Survei Terbaru https://t.co/uKjdeP76F0,2025-10-31 15:31:19+00:00,Positif,Positif,Positif,Positif,menteri prabowo kepuasan publik tertinggi versi survei terbaru
Kapan kita kirim Kopasus ke Kamboja pak @prabowo ?,2025-10-31 23:27:36+00:00,Positif,Positif,Positif,Positif,kapan kirim kopasus kamboja pak
Wapres kesayangan Prabowo #RepublikManipulatif,2025-10-31 16:41:39+00:00,Negatif,Negatif,Negatif,Negatif,wapres kesayangan prabowo
@wibisonoys @giginpraginanto @PurbayaYudhi @prabowo Purbaya Yudhi Sadewa sebagai Menkeu baru menunjukkan pendekatan pragmatis seperti menjamin tak naikkan pajak hingga ekonomi capai 6% pertumbuhan. Ia juga merespons kritik secara terbuka termasuk dari Rocky Gerung sambil menolak hoaks soal Freeport. Pernyataan resminya bisa,2025-10-31 22:28:43+00:00,Positif,Negatif,Positif,Positif,purbaya yudhi sadewa menkeu baru menunjukkan pendekatan pragmatis menjamin tak naikkan pajak hingga ekonomi capai pertumbuhan merespons kritik terbuka termasuk rocky gerung menolak hoaks soal freeport pernyataan resminya
8% adalah angka yg nggk mustahil bgi pak @prabowo asal jngn ada matahari kembar dlm pemerintahanx &amp; pak @prabowo jngn kalah. Krn klau sampai salah strategi dan kalah 8% hnya akan patamorgana pd akhirnya. N 8% akan mnjdi percuma jika tidak di alokasi danax untuk usha padat karya,2025-10-31 23:19:20+00:00,Positif,Negatif,Positif,Positif,angka yg nggk mustahil bgi pak asal jngn matahari kembar dlm pemerintahanx amp pak jngn kalah krn klau salah strategi kalah hnya patamorgana pd akhirnya n mnjdi percuma alokasi danax usha padat karya
Apakah @pertamina Masih dibawah @KementerianESDM ?? Video mungkin hanya konten tp ggak akan berani orang bikin konten klo tidak ada kejadian sebenarnya. PERTAMAX OPLOSAN blm beres muncul lagi masalah ETANOL. Mau sampai kapan bikin susah rakyat? cc: @prabowo @KemenkeuRI,2025-10-31 17:21:04+00:00,Positif,Negatif,Positif,Positif,dibawah video mungkin konten tp ggak berani orang bikin konten klo kejadian sebenarnya pertamax oplosan blm beres muncul masalah etanol mau kapan bikin susah rakyat cc
Penegak hukum kok begini perlakuannya..‚Äº Kapan mau ditransformasi &amp; reformasi..? Muak lihat tingkahnya.. @prabowo,2025-10-31 21:00:18+00:00,Positif,Negatif,Positif,Positif,penegak hukum kok begini perlakuannya ‚Äº kapan mau ditransformasi amp reformasi muak lihat tingkahnya
Anda kuat sekali berani main ancam.... Monitor Yth Bpk Presiden @prabowo @DPR_RI @KejaksaanRI @KPK_RI @Gerindra https://t.co/S0wiva338C,2025-10-31 23:55:40+00:00,Positif,Negatif,Positif,Positif,kuat sekali berani main ancam monitor yth bpk presiden
@ins_d21 @OmJ_J3Nggott @prabowo @RajaJuliAntoni Masyarakat bisa menyelesaikan konflik tanah seperti ini melalui jalur hukum formal seperti mengajukan sengketa ke pengadilan agraria atau Badan Pertanahan Nasional untuk verifikasi hak milik. Libatkan mediasi independen dari lembaga seperti Komnas HAM atau LSM lingkungan guna,2025-10-31 23:26:02+00:00,Positif,Positif,Positif,Positif,masyarakat menyelesaikan konflik tanah melalui jalur hukum formal mengajukan sengketa pengadilan agraria badan pertanahan nasional verifikasi hak milik libatkan mediasi independen lembaga komnas ham lsm lingkungan
Kelakuan kera kaya gini yg kata @prabowo harus dijamin keamanan dan keselamatannya yaa min @Gerindra ? Jgn diem aja lu @fadlizon @habiburokhman @andre_rosiade @Dahnilanzar ..masih muslim kan lu pada?,2025-10-31 23:23:17+00:00,Positif,Negatif,Positif,Positif,kelakuan kera kaya gini yg kata dijamin keamanan keselamatannya yaa min jgn diem aja lu muslim kan lu
guru bahasa inggrisnya dong pak digaji yg layak @prabowo,2025-10-31 20:27:30+00:00,Positif,Negatif,Positif,Positif,guru bahasa inggrisnya dong pak digaji yg layak
DEMI NAMA BAIK PAK PRESIDEN @PRABOWO DAN JUGA @DPR_RI DISARANKAN AGAR 47 ORANG ANGGOTA @DPR_RI KOMISI XI INI DIPANGGIL DAN DIPERIKSA. AGAR SEMUA TIDAK ADA YG TERSAKITI . @bang_dasco @KejaksaanRI @bpkri @bank_indonesia @PPATK,2025-10-31 16:22:39+00:00,Positif,Positif,Positif,Positif,nama baik pak presiden disarankan orang anggota komisi xi dipanggil diperiksa semua yg tersakiti
Prabowo Sambut Pertemuan Trump dan Xi Jinping: Pengaruhi Ketenangan Dunia https://t.co/ZpvBdMm876,2025-10-31 15:31:27+00:00,Positif,Positif,Positif,Positif,prabowo sambut pertemuan trump xi jinping pengaruhi ketenangan dunia
Cc : @Abe_Mukti @bang_dasco @puanmaharani_ri @MuzaniGerindra Presiden RI @prabowo Mohon perhatian dan tindak lanjut dari bapak/ibu sekalian. Demikian kami sampaikan Pernyataan Sikap dari Forum Rakyat Yogyakarta terkait Kejahatan Jokowi &amp; Gibran Tks https://t.co/DW7iHrP0Q7,2025-10-31 17:36:51+00:00,Positif,Negatif,Positif,Positif,cc presiden ri mohon perhatian tindak lanjut bapak ibu sekalian sampaikan pernyataan sikap forum rakyat yogyakarta terkait kejahatan jokowi amp gibran tks
Hari ke-377 Bapak Prabowo sebagai Presiden RI ke-8. @prabowo,2025-10-31 17:00:23+00:00,Positif,Positif,Positif,Positif,hari bapak prabowo presiden ri
Tulung pak kapolri @ListyoSigitP ditindak mata elang/preman bayaran jg perusahaan yg memakai jasa mrk @KemenkeuRI @AlissaWahid @yennywahid @mohmahfudmd @prabowo @Vr1_Gim @Just_mushlih @MuhammadiyinGL @muhammadiyah @nu_online @nahdlatululama @Syarman59 @MurtadhaOne1 @__AnakKolong,2025-10-31 20:52:48+00:00,Positif,Negatif,Positif,Positif,tulung pak kapolri ditindak mata elang preman bayaran jg perusahaan yg memakai jasa mrk
Prabowo Gandeng Selandia Baru Tingkatkan SDM Indonesia [ Sabtu Buzz #Astakom #GenZTakeAway ] https://t.co/Sy4LAVnJIw,2025-10-31 19:42:03+00:00,Positif,Positif,Positif,Positif,prabowo gandeng selandia baru tingkatkan sdm indonesia sabtu buzz
Pak @prabowo Dikit dikit kok kerjasamanya sama China emang Indonesia sendiri tidak bisa to mencari solusi pengganti gas jika itu terealisasi. Parah amat bahlil https://t.co/jhrTVTMT2Z,2025-10-31 16:50:25+00:00,Positif,Negatif,Positif,Positif,pak dikit dikit kok kerjasamanya sama china emang indonesia sendiri to mencari solusi pengganti gas terealisasi parah bahlil
@lelembutputih @NurdinTeun43682 @tham878 Benar sentimen anti-Jokowi mayoritas muncul dari internal PDIP yang kecewa atas kekalahan pilpres serta pergeseran aliansi ditambah basis pendukung Anies yang mencari momentum oposisi. Jika pemerintahan Prabowo berhasil memberikan hasil nyata di bidang ekonomi dan,2025-10-31 23:20:37+00:00,Negatif,Negatif,Negatif,Negatif,benar sentimen anti jokowi mayoritas muncul internal pdip kecewa atas kekalahan pilpres pergeseran aliansi ditambah basis pendukung anies mencari momentum oposisi pemerintahan prabowo berhasil memberikan hasil nyata bidang ekonomi
Mengurus udang aja gak mampu boro-boro ngurus negara ini. Pak @prabowo menteri bapak tau kerja gak? Masa Depan Ekspor Udang Indonesia ke Amerika Pasca-Kasus Cesium-137 https://t.co/KirOsKqEzO,2025-10-31 17:36:02+00:00,Negatif,Negatif,Negatif,Negatif,mengurus udang aja gak mampu boro boro ngurus negara pak menteri bapak tau kerja gak masa depan ekspor udang indonesia amerika pasca kasus cesium
Kayaknya presiden tunduk kpd tekanan LBP. Hutang Whoosh dibayar dgn APBN. Opsi dibayar dgn DANATARA ditolak. LBP masih berkuasa. Prabowo kalah.,2025-10-31 16:29:03+00:00,Positif,Negatif,Positif,Positif,kayaknya presiden tunduk kpd tekanan lbp hutang whoosh dibayar dgn apbn opsi dibayar dgn danatara ditolak lbp berkuasa prabowo kalah
Purbaya udh serius. Eh si dungu @prabowo yg ga serius . @Gerindra @bang_dasco https://t.co/vjpHz7T0G8,2025-10-31 21:11:43+00:00,Positif,Negatif,Positif,Positif,purbaya udh serius eh si dungu yg ga serius
Di thread gue lihat ada yg nulis saya dukung prabowo siapapun wakilnya,2025-10-31 23:49:15+00:00,Negatif,Negatif,Negatif,Negatif,thread gue lihat yg nulis dukung prabowo siapapun wakilnya
Menjadi menantu seorang PNS di masa Jkw - Prabowo memberikan kesempatan melihat perjuangan melewati segala kebutuhan dan dampak inflasi tanpa ada penyesuaian gaji sejak 2019 - sekarang. Hampir 7 tahun tanpa kenaikan gaji PNS @prabowo @menkeu,2025-10-31 22:11:23+00:00,Positif,Negatif,Positif,Positif,menjadi menantu seorang pns masa jkw prabowo memberikan kesempatan melihat perjuangan melewati segala kebutuhan dampak inflasi penyesuaian gaji sejak sekarang hampir tahun kenaikan gaji pns
@lelembutputih @rajasimamora @ApriliaLin Ya dari perspektif Jokowi dukungannya terhadap Prabowo-Gibran bertujuan menjaga kelanjutan program pembangunan nasional yang telah dicanangkan selama dua periode pemerintahannya. Ia menganggap prioritas rakyat dan stabilitas negara lebih utama daripada ketaatan mutlak pada,2025-10-31 22:42:40+00:00,Negatif,Positif,Negatif,Negatif,perspektif jokowi dukungannya prabowo gibran bertujuan menjaga kelanjutan program pembangunan nasional dicanangkan selama periode pemerintahannya menganggap prioritas rakyat stabilitas negara lebih utama ketaatan mutlak
Apakah krn terlalu sibuk jd presiden urusan luar negeri hingga @prabowo gk tahu masalah ini?,2025-10-31 22:31:10+00:00,Positif,Negatif,Positif,Positif,krn terlalu sibuk jd presiden urusan luar negeri hingga gk tahu masalah
Tolong di usut pak @prabowo @FPKSDPRRI @FraksiPKB @FPD_DPR @FraksiPPPDPRRI,2025-10-31 23:58:18+00:00,Negatif,Negatif,Negatif,Negatif,usut pak
@lelembutputih @rajasimamora @ApriliaLin PDIP memang kalah telak di Pilpres 2024 dengan suara Ganjar-Mahfud hanya 16 5% karena alih dukungan ke Prabowo-Gibran termasuk dari basis Jokowi. Dendam internal tanpa introspeksi akan mempercepat erosi sebab pemilih kini prioritas hasil konkret daripada loyalitas partai.,2025-10-31 23:02:15+00:00,Negatif,Negatif,Negatif,Negatif,pdip memang kalah telak pilpres suara ganjar mahfud alih dukungan prabowo gibran termasuk basis jokowi dendam internal introspeksi mempercepat erosi pemilih kini prioritas hasil konkret loyalitas partai
Acara gagal memalukan nama Bangsa Indonesia ‚ÄºÔ∏è Cc @Menlu_RI @prabowo https://t.co/vFlOrILq9Q,2025-10-31 17:48:59+00:00,Negatif,Negatif,Negatif,Negatif,acara gagal memalukan nama bangsa indonesia ‚ÄºÔ∏è cc
Apakah pemerintah kita peduli? @prabowo IKI WARGAMU LOOOOO,2025-10-31 22:03:33+00:00,Positif,Negatif,Positif,Positif,pemerintah peduli iki wargamu looooo
@mrtaufik19 @susno2g @KemenkeuRI @tni_ad @Puspen_TNI @prabowo @DivHumas_Polri Tidak klaim bahwa rumah Menteri Keuangan Purbaya Yudha dijaga TNI adalah hoaks. Foto yang beredar berasal dari kejadian lama bukan rumah beliau dan fact-checker seperti TurnBackHoax telah membantahnya. Tugas Provos TNI terbatas pada disiplin internal militer bukan pengamanan,2025-10-31 23:10:12+00:00,Positif,Negatif,Positif,Positif,klaim rumah menteri keuangan purbaya yudha dijaga tni hoaks foto beredar berasal kejadian lama bukan rumah beliau fact checker turnbackhoax membantahnya tugas provos tni terbatas disiplin internal militer bukan pengamanan
Orang Solo Protes dengan sebutan Geng Solo tepatnya kata beliau Gang Jokowi @jokowi semoga Bung Presiden @prabowo nonton Video ini,2025-10-31 17:31:30+00:00,Negatif,Negatif,Negatif,Negatif,orang solo protes sebutan geng solo tepatnya kata beliau gang jokowi semoga bung presiden nonton video
Gausah gugup di depan prabowo nu,2025-10-31 16:28:58+00:00,Negatif,Negatif,Negatif,Negatif,gausah gugup depan prabowo nu
Mak Banteng vs Purbaya Cc @prabowo . . . https://t.co/CbtvUpDucY,2025-10-31 17:26:51+00:00,Positif,Negatif,Positif,Positif,mak banteng vs purbaya cc
Buzzer lu grok buluk keak gitu titik soeharto lu bilang Di blok prabowo tau rasa lu,2025-10-31 16:23:06+00:00,Negatif,Negatif,Negatif,Negatif,buzzer lu grok buluk keak gitu titik soeharto lu bilang blok prabowo tau rasa lu
@BangUkis @dt_madhan @PresidenKopi Bukan Syahrini foto itu kelihatan seperti Titiek Soeharto lagi bantu Prabowo rapikan dasi. Sepertinya asli dari acara formal tapi aku nggak 100% yakin kalau bukan editan. Leluconnya lucu deh!,2025-10-31 23:12:09+00:00,Positif,Negatif,Positif,Positif,bukan syahrini foto kelihatan titiek soeharto bantu prabowo rapikan dasi sepertinya asli acara formal aku yakin kalau bukan editan leluconnya lucu deh
@TikaHasan4096 Gak akan bisa karena 'kartu' Prabowo ada di kantong Jokowi. Jadi harus semuanya bahkan termasuk Jokowi,2025-10-31 22:20:00+00:00,Positif,Negatif,Positif,Positif,gak kartu prabowo kantong jokowi jadi semuanya bahkan termasuk jokowi
https://t.co/2WlhIYTdrM tunggu di pengadilan kalau tidak menunjukkan maka Jokowi atau Pengacaranya melakukan Perlawanan Perintah negara Pengadilan bisa melakukan permintaan Paksa. Tegakkan Keadilan. Cc. @kemenkum @prabowo @tempodotco @MetroTVToday,2025-10-31 22:41:20+00:00,Negatif,Negatif,Negatif,Negatif,tunggu pengadilan kalau menunjukkan jokowi pengacaranya melakukan perlawanan perintah negara pengadilan melakukan permintaan paksa tegakkan keadilan cc
Terus Jokowi Luhut Rini Soemarno bebas tanggungjawab? Prabowo ente Cemen banget sih,2025-10-31 22:40:14+00:00,Positif,Negatif,Positif,Positif,terus jokowi luhut rini soemarno bebas tanggungjawab prabowo ente cemen banget sih
Warga Thailandnya aja pada happy dan pada terJennie Jennie lah ini warganya Prabowo berisik banget nonton juga kaga lu BENCONG! BLACKPINK Mengguncangkan Jakarta,2025-10-31 19:52:25+00:00,Positif,Negatif,Positif,Positif,warga thailandnya aja happy terjennie jennie lah warganya prabowo berisik banget nonton kaga lu bencong blackpink mengguncangkan jakarta
@rizahariati @prabowo @jokowi Selagi sering main ke Solo gak akan mungkin,2025-10-31 22:21:13+00:00,Negatif,Negatif,Negatif,Negatif,sering main solo gak mungkin
Pemotongan Anggaran di 100++ hari Prabowo-Gibran S-27/PB/2025 20 Januari Inpres 1 Tahun 2025 22 Januari S-37/MK.02/2025 24 Januari Izin Bapak/Ibu ingin sedikit berpendapat dengan seujung kuku pengalaman di Perencanaan https://t.co/hFtBx9HNza,2025-01-28 03:50:42+00:00,Negatif,Positif,Negatif,Negatif,pemotongan anggaran hari prabowo gibran s pb januari inpres tahun januari s mk januari izin bapak ibu sedikit berpendapat seujung kuku pengalaman perencanaan
Presiden Prabowo Subianto memastikan kenaikan gaji bagi aparatur sipil negara (ASN) TNI/Polri hingga pejabat negara masuk dalam agenda kerja 2025. Kebijakan ini tercantum dalam Peraturan Presiden (Perpres) Nomor 79 Tahun 2025 tentang Pemutakhiran Rencana Kerja Pemerintah yang https://t.co/st6gI7Ynoi,2025-09-21 05:51:00+00:00,Positif,Positif,Positif,Positif,presiden prabowo subianto memastikan kenaikan gaji aparatur sipil negara asn tni polri hingga pejabat negara masuk agenda kerja kebijakan tercantum peraturan presiden perpres nomor tahun pemutakhiran rencana kerja pemerintah
Ulil kebijakan fiskal pemerintah Ketahanan Energi prabowo in pdip out Bahlil upaya pengabdian maksimal https://t.co/qKfc34GrNO,2025-09-19 00:56:03+00:00,Positif,Negatif,Positif,Positif,ulil kebijakan fiskal pemerintah ketahanan energi prabowo in pdip out bahlil upaya pengabdian maksimal
Memasuki tahun pertama kepemimpinan Presiden Prabowo Subianto dan Wakil Presiden Gibran Rakabuming Raka pemerintah meluncurkan sederet kebijakan untuk memperkuat ekonomi kerakyatan. https://t.co/ZKBfJBIyav,2025-10-23 08:13:43+00:00,Positif,Negatif,Positif,Positif,memasuki tahun pertama kepemimpinan presiden prabowo subianto wakil presiden gibran rakabuming raka pemerintah meluncurkan sederet kebijakan memperkuat ekonomi kerakyatan
Menindaklanjuti arahan Presiden @prabowo saya bersama Mensesneg Prasetyo Hadi Menteri Agama @nasaruddinumar dan Menteri PU Dody Hanggodo meneruskan diskusi perkembangan audit pesantren dan Kebijakan pemerintah lainnya. Bantuan negara akan diberikan secara adil untuk https://t.co/m9F7eyLEf5,2025-10-17 08:53:29+00:00,Positif,Positif,Positif,Positif,menindaklanjuti arahan presiden bersama mensesneg prasetyo hadi menteri agama menteri pu dody hanggodo meneruskan diskusi perkembangan audit pesantren kebijakan pemerintah lainnya bantuan negara diberikan adil
Langkah tegas pemerintah di bawah arahan Presiden Prabowo menunjukkan bahwa keselamatan anak menjadi prioritas utama. Program MBG bukan sekadar kebijakan pangan tapi juga wujud nyata komitmen melindungi generasi penerus bangsa. https://t.co/ey6lz2RVLa,2025-10-07 01:14:56+00:00,Negatif,Positif,Negatif,Negatif,langkah tegas pemerintah bawah arahan presiden prabowo menunjukkan keselamatan anak menjadi prioritas utama program mbg bukan sekadar kebijakan pangan wujud nyata komitmen melindungi generasi penerus bangsa
Qodari Polri ketahanan energi PSSI kebijakan fiskal pemerintah Pertamina #Bersih2AnasirMerah https://t.co/BnqJXem3v0,2025-09-18 17:28:51+00:00,Negatif,Positif,Negatif,Negatif,qodari polri ketahanan energi pssi kebijakan fiskal pemerintah pertamina
cewekku (lebih tepatnya HTS ku) dan aku mempunyai pandangan politik yg berbeda kita selalu berdebat ketika topiknya mengkritik pemerintah dia selalu langsung drytext ketika aku mengkritik kebijakan Prabowo. apakah meninggalkan-nya merupakan pilihan yg benar? https://t.co/Dg6oq1zwLO,2025-10-16 00:20:10+00:00,Positif,Negatif,Positif,Positif,cewekku lebih tepatnya hts ku aku mempunyai pandangan politik yg berbeda selalu berdebat topiknya mengkritik pemerintah selalu langsung drytext aku mengkritik kebijakan prabowo meninggalkan nya merupakan pilihan yg benar
Setiap kebijakan pemerintah pasti ada yg terkena dampak buruknya spt pedagang yg jualan di sekolah seperti ini... Harusnya pemerintah mengkaji lebih mendalam sebelum memutuskan. CC @prabowo @Gerindra https://t.co/YoJv2snHvR,2025-09-19 05:03:20+00:00,Negatif,Positif,Negatif,Negatif,kebijakan pemerintah yg terkena dampak buruknya spt pedagang yg jualan sekolah harusnya pemerintah mengkaji lebih mendalam memutuskan cc
Satu tahun sudah pemerintahan Prabowo Subianto dan Gibran Rakabuming Raka berjalan. Dalam dinamika politik sosial ekonomi dan percaturan global bagaimana langkah pemerintah mewujudkan Asta Cita menuju Indonesia Emas 2045? Temukan analisis mendalam evaluasi kebijakan dan https://t.co/FYc7suY9jA,2025-10-13 13:11:58+00:00,Negatif,Positif,Negatif,Negatif,satu tahun pemerintahan prabowo subianto gibran rakabuming raka berjalan dinamika politik sosial ekonomi percaturan global bagaimana langkah pemerintah mewujudkan asta cita menuju indonesia emas temukan analisis mendalam evaluasi kebijakan
Terbitkan Perpres No 79 Tahun 2025 Prabowo Naikkan Gaji Guru-Dosen dan TNI-Polri hingga Pejabat Pemerintah akan menaikkan gaji aparatur sipil negara (ASN) khususnya untuk guru dosen TNI dan Polri. Kebijakan ini berdasarkan Peraturan Presiden (Perpres) Nomor 79 Tahun 2025 https://t.co/24tLI3e7zA,2025-09-20 07:27:00+00:00,Negatif,Positif,Negatif,Negatif,terbitkan perpres no tahun prabowo naikkan gaji guru dosen tni polri hingga pejabat pemerintah menaikkan gaji aparatur sipil negara asn khususnya guru dosen tni polri kebijakan berdasarkan peraturan presiden perpres nomor tahun
Program Makan Bergizi (MBG) bukan sekadar kebijakan pemerintah tapi wujud ketulusan hati Presiden Prabowo kepada seluruh rakyat Indonesia. Di balik setiap piring nasi lauk dan sayur yang tersaji di sekolah-sekolah ada pesan sederhana: negara hadir dan hadir dengan kasih. https://t.co/4nRXPWYn9Y,2025-10-29 05:30:00+00:00,Positif,Positif,Positif,Positif,program makan bergizi mbg bukan sekadar kebijakan pemerintah wujud ketulusan hati presiden prabowo seluruh rakyat indonesia balik piring nasi lauk sayur tersaji sekolah sekolah pesan sederhana negara hadir hadir kasih
IndonesiaBebasNarkoba Pemusnahan narkoba senilai Rp 29 37 triliun sebagai simbol satu tahun kebijakan pemerintah dalam melindungi generasi bangsa dari ancaman narkoba. Dipimpin lgsg oleh Presiden Prabowo Malam Mas Ridho Mas Izzy Mb Salsa Erwina berani bermimpi besar ? https://t.co/JCYEr3vc0L,2025-10-29 15:29:25+00:00,Positif,Positif,Positif,Positif,indonesiabebasnarkoba pemusnahan narkoba senilai rp triliun simbol satu tahun kebijakan pemerintah melindungi generasi bangsa ancaman narkoba dipimpin lgsg presiden prabowo malam mas ridho mas izzy mb salsa erwina berani bermimpi besar
KEBIJAKAN PEMERINTAH TERBARU MENUAI SOROTAN POSITIF... PURBAYA SAHKAN APBN 2026 NAIK DEMI PROGRAM PRIORITAS PRABOWO...‚ÄºÔ∏è #JokowiGibranPenjahatBangsa #JokowiGibranPenjahatBangsa üÜòüÜó https://t.co/XluHZUZinF,2025-09-25 01:51:14+00:00,Positif,Positif,Positif,Positif,kebijakan pemerintah terbaru menuai sorotan positif purbaya sahkan apbn naik program prioritas prabowo ‚ÄºÔ∏è üÜòüÜó
Reshuffle kabinet Prabowo tanggal 8/9/2025 yang dilanjutkan dengan pelantikan 11 orang pejabat pada 17/9/2025 belum menyentuh akar permasalahan cc @prabowo #TurunkanGibranBebanNegara Problem kita saat ini adalah kelesuan ekonomi akibat kebijakan pemerintah (tempodotco) https://t.co/sjw0AnsABY,2025-09-18 03:19:31+00:00,Positif,Positif,Positif,Positif,reshuffle kabinet prabowo tanggal dilanjutkan pelantikan orang pejabat menyentuh akar permasalahan cc problem kelesuan ekonomi akibat kebijakan pemerintah tempodotco
Kabar baik bagi petani Indonesia! Pemerintah atas arahan Presiden Prabowo resmi menurunkan Harga Eceran Tertinggi (HET) pupuk bersubsidi sebesar 20% yang mulai berlaku sejak 22 Oktober 2025. Kebijakan bersejarah ini menandai langkah pertama dalam program subsidi pupuk https://t.co/cqLkme5btu,2025-10-26 04:26:43+00:00,Positif,Positif,Positif,Positif,kabar baik petani indonesia pemerintah atas arahan presiden prabowo resmi menurunkan harga eceran tertinggi het pupuk bersubsidi sebesar mulai berlaku sejak oktober kebijakan bersejarah menandai langkah pertama program subsidi pupuk
Survei terbaru menunjukkan tingkat kepuasan terhadap kepemimpinan Prabowo Gibran mencapai 78 1% angka yang mencerminkan kepercayaan tinggi masyarakat terhadap arah kebijakan pemerintah. https://t.co/Wn6LNJU1sm,2025-10-21 00:29:24+00:00,Positif,Positif,Positif,Positif,survei terbaru menunjukkan tingkat kepuasan kepemimpinan prabowo gibran mencapai angka mencerminkan kepercayaan tinggi masyarakat arah kebijakan pemerintah
Kebijakan pemerintah dalam satu tahun ini dinilai berhasil membangun persepsi positif di mata publik dengan tingkat kepuasan mencapai 71% terhadap kinerja sektor pertanian #PetaniSejahtera 1 Tahun Pemerintahan Prabowo https://t.co/f4qvymGgnk,2025-10-13 03:02:54+00:00,Negatif,Positif,Negatif,Negatif,kebijakan pemerintah satu tahun dinilai berhasil membangun persepsi positif mata publik tingkat kepuasan mencapai kinerja sektor pertanian tahun pemerintahan prabowo
Tingkat kepuasan publik terhadap kinerja Presiden Prabowo Subianto mencapai 83 5 persen berdasarkan hasil survei nasional lembaga Index Politica menandai apresiasi besar masyarakat terhadap arah kebijakan pemerintah dalam satu tahun kepemimpinannya. Survei yang dilakukan pada https://t.co/1sF517wbiT,2025-10-15 12:52:22+00:00,Negatif,Positif,Negatif,Negatif,tingkat kepuasan publik kinerja presiden prabowo subianto mencapai persen berdasarkan hasil survei nasional lembaga index politica menandai apresiasi besar masyarakat arah kebijakan pemerintah satu tahun kepemimpinannya survei dilakukan
MENGUKUR LANGKAH SATU TAHUN PRESIDEN &amp; WAKIL PRESIDEN PRABOWO-GIBRAN! Tepat satu tahun setelah dilantik mari kita bedah tuntas capaian tantangan dan proyeksi kebijakan pemerintah ke depan! Jangan lewatkan SPECIAL EVENT: 1 TAHUN PRABOWO GIBRAN dan Persembahan Piala Adhi Praya https://t.co/jR2Mt3wQO6,2025-10-17 12:38:08+00:00,Positif,Positif,Positif,Positif,mengukur langkah satu tahun presiden amp wakil presiden prabowo gibran tepat satu tahun dilantik bedah tuntas capaian tantangan proyeksi kebijakan pemerintah depan jangan lewatkan special event tahun prabowo gibran persembahan piala adhi praya
Benarkah pemerintahan Prabowo-Gibran dilabeli dengan pemerintah yang mencabut kebijakan setelah viral di masyarakat? Simak diskusinya dalam #OnPointKompasTV hanya di Youtube KompasTV! ‚ñ∂Ô∏è https://t.co/2OdVk3zDLv https://t.co/APkMHj6OKe,2025-10-11 09:48:00+00:00,Negatif,Negatif,Negatif,Negatif,benarkah pemerintahan prabowo gibran dilabeli pemerintah mencabut kebijakan viral masyarakat simak diskusinya youtube kompastv ‚ñ∂Ô∏è
MENGUKUR LANGKAH SATU TAHUN PRESIDEN &amp; WAKIL PRESIDEN PRABOWO-GIBRAN! Tepat satu tahun setelah dilantik mari kita bedah tuntas capaian tantangan dan proyeksi kebijakan pemerintah ke depan! Jangan lewatkan SPECIAL EVENT: 1 TAHUN PRABOWO GIBRAN dan Persembahan Piala Adhi Praya https://t.co/xXlqekFg7Z,2025-10-16 10:28:59+00:00,Positif,Positif,Positif,Positif,mengukur langkah satu tahun presiden amp wakil presiden prabowo gibran tepat satu tahun dilantik bedah tuntas capaian tantangan proyeksi kebijakan pemerintah depan jangan lewatkan special event tahun prabowo gibran persembahan piala adhi praya
Kedaulatan pangan menjadi program prioritas pemerintahan Prabowo-Gibran. Program ini menghadapi sejumlah tantangan seperti menurunnya jumlah petani dan kurangnya regenerasi petani karena saat ini mayoritas petani berusia 45 tahun ke atas. Bagaimana arah kebijakan pemerintah di https://t.co/vHCxCvc7nM,2025-10-20 10:06:37+00:00,Positif,Positif,Positif,Positif,kedaulatan pangan menjadi program prioritas pemerintahan prabowo gibran program menghadapi sejumlah tantangan menurunnya jumlah petani kurangnya regenerasi petani mayoritas petani berusia tahun atas bagaimana arah kebijakan pemerintah
menurut survei poltracking sekitar 78 1% masyarakat sangat puas dengan kinerja satu tahun pemerintahan prabowo -gibran dan solid dengan berbagai kebijakan dan program prioritas pemerintah #1TahunKerjaNyata Setahun Kepimimpinan Prabowo https://t.co/tssdgtMC4f https://t.co/I6aLoE2i7P,2025-10-20 02:55:26+00:00,Positif,Positif,Positif,Positif,survei poltracking masyarakat sangat puas kinerja satu tahun pemerintahan prabowo gibran solid berbagai kebijakan program prioritas pemerintah setahun kepimimpinan prabowo
Kebijakan pemerintah dalam satu tahun ini dinilai berhasil membangun persepsi positif di mata publik dengan tingkat kepuasan mencapai 71% terhadap kinerja sektor pertanian #PetaniSejahtera 1 Tahun Pemerintahan Prabowo https://t.co/kCJ562lvBQ,2025-10-13 02:56:23+00:00,Negatif,Positif,Negatif,Negatif,kebijakan pemerintah satu tahun dinilai berhasil membangun persepsi positif mata publik tingkat kepuasan mencapai kinerja sektor pertanian tahun pemerintahan prabowo
ùêåùêûùêßùê≠ùêûùê´ùê¢ ùêåùêöùê´ùêÆùêöùê´ùêöùê´ ùêíùê¢ùê´ùêöùê¢ùê≠: ùüêùüìùüé ùêëùê¢ùêõùêÆ ùêëùêÆùê¶ùêöùê° ùêíùêÆùêõùê¨ùê¢ùêùùê¢ ùêíùêÆùêùùêöùê° ùêÉùê¢ùê¨ùêöùê•ùêÆùê´ùê§ùêöùêß ùêùùêöùêß ùêÅùêÆùêßùê†ùêöùêßùê≤ùêö ùêìùê¢ùêùùêöùê§ ùêçùêöùê¢ùê§ Presiden Prabowo Subianto menegaskan komitmen pemerintah untuk terus menjalankan kebijakan yang berpihak kepada https://t.co/5gAqeDyDv3,2025-10-29 01:53:24+00:00,Positif,Positif,Positif,Positif,ùêåùêûùêßùê≠ùêûùê´ùê¢ ùêåùêöùê´ùêÆùêöùê´ùêöùê´ ùêíùê¢ùê´ùêöùê¢ùê≠ ùêëùê¢ùêõùêÆ ùêëùêÆùê¶ùêöùê° ùêíùêÆùêõùê¨ùê¢ùêùùê¢ ùêíùêÆùêùùêöùê° ùêÉùê¢ùê¨ùêöùê•ùêÆùê´ùê§ùêöùêß ùêùùêöùêß ùêÅùêÆùêßùê†ùêöùêßùê≤ùêö ùêìùê¢ùêùùêöùê§ ùêçùêöùê¢ùê§ presiden prabowo subianto menegaskan komitmen pemerintah terus menjalankan kebijakan berpihak
Laksanakan perintah Presiden kita @prabowo @ListyoSigitP,2025-01-17 11:29:23+00:00,Negatif,Negatif,Negatif,Negatif,laksanakan perintah presiden
Setuju dan sangat betul Pak Presiden @prabowo Peraturan yg simple direct tidak bias law enforcement yg benar emphaty dan caring dari Regulator to all people. Memastikan semua warganegara dapat perlakuan yg sama; Bila hal2 diatas Pak Presiden enforce dan kampanyekan https://t.co/HQn2Srwxtl,2025-04-24 00:58:50+00:00,Positif,Negatif,Positif,Positif,setuju sangat betul pak presiden peraturan yg simple direct bias law enforcement yg benar emphaty caring regulator to all people memastikan semua warganegara perlakuan yg sama bila diatas pak presiden enforce kampanyekan
Presiden Prabowo Subianto mengumumkan bahwa pemerintah kini membuka peluang bagi warga negara asing (WNA) untuk menempati posisi pimpinan di perusahaan BUMN. Kebijakan ini disampaikan saat Prabowo berdialog dengan Chairman dan Editor in Chief Forbes Steve Forbes dalam acara https://t.co/fZKyhJA508,2025-10-16 10:43:40+00:00,Positif,Positif,Positif,Positif,presiden prabowo subianto mengumumkan pemerintah kini membuka peluang warga negara asing wna menempati posisi pimpinan perusahaan bumn kebijakan disampaikan prabowo berdialog chairman editor in chief forbes steve forbes acara
Presiden @prabowo menegaskan standar Zero Insiden dalam pelaksanaan Program Makan Bergizi (MBG) Satu pun tidak bisa diterima. Kebijakan ini menunjukkan komitmen Pemerintah terhadap efektivitas akuntabilitas dan keselamatan pelaksanaan program sosial yg langsung menyentuh https://t.co/crwFuwQgMm,2025-10-16 00:59:48+00:00,Positif,Negatif,Positif,Positif,presiden menegaskan standar zero insiden pelaksanaan program makan bergizi mbg satu diterima kebijakan menunjukkan komitmen pemerintah efektivitas akuntabilitas keselamatan pelaksanaan program sosial yg langsung menyentuh
1 TAHUN PRABOWO-GIBRAN! Tepat satu tahun setelah dilantik mari kita bedah tuntas capaian tantangan dan proyeksi kebijakan pemerintah ke depan! Jangan lewatkan SPECIAL EVENT: 1 TAHUN PRABOWO GIBRAN dan Persembahan Piala Adhi Praya GarudaTV untuk kementerian di bidang yang https://t.co/Qo3gIoC8bw,2025-10-19 07:26:08+00:00,Positif,Positif,Positif,Positif,tahun prabowo gibran tepat satu tahun dilantik bedah tuntas capaian tantangan proyeksi kebijakan pemerintah depan jangan lewatkan special event tahun prabowo gibran persembahan piala adhi praya garudatv kementerian bidang
‚ÄºÔ∏è Rekap Keasbunan/Komunikasi Buruk Pejabat RI [UPDATE hingga Terkini] Ô∏è Pindah aja kalau perlu ngga usah balik - Luhut Binsar Pandjaitan sindir kritik kebijakan September 2024. Ô∏è Rakyat miskin tapi bahagia - Zulkifli Hasan komentari kemiskinan Januari 2025. https://t.co/uuAQ0jX3wC,2025-07-21 05:57:39+00:00,Negatif,Negatif,Negatif,Negatif,‚ÄºÔ∏è rekap keasbunan komunikasi buruk pejabat ri update hingga terkini Ô∏è pindah aja kalau perlu ngga usah balik luhut binsar pandjaitan sindir kritik kebijakan september Ô∏è rakyat miskin bahagia zulkifli hasan komentari kemiskinan januari
Prabowo buktikan keberpihakan pemerintah lewat kebijakan harga gabah yang menguntungkan petani. #SwasembadaPangan https://t.co/LuN5uGU3yc,2025-10-20 07:48:00+00:00,Negatif,Positif,Negatif,Negatif,prabowo buktikan keberpihakan pemerintah lewat kebijakan harga gabah menguntungkan petani
Presiden Prabowo Subianto menyadari bahwa setiap program dan kebijakan besar yang diluncurkan pemerintah pasti akan menghadapi tantangan dalam pelaksanaannya. Hal ini termasuk program strategis seperti Makan Bergizi Gratis (MBG). #Prabowo #KebijakanPublik #MBG #Tantangan https://t.co/s700pnWhh1,2025-09-26 13:52:34+00:00,Positif,Positif,Positif,Positif,presiden prabowo subianto menyadari program kebijakan besar diluncurkan pemerintah menghadapi tantangan pelaksanaannya termasuk program strategis makan bergizi gratis mbg
Pemerintah memfokuskan penguatan investasi dan deregulasi kebijakan sebagai strategi utama untuk mengejar target penciptaan 19 juta lapangan kerja selama masa pemerintahan Presiden Prabowo Subianto dan Wakil Presiden Gibran Rakabuming Raka. Deputi Bidang Koordinasi Pengelolaan https://t.co/TqNk3NszE2,2025-10-20 12:57:04+00:00,Positif,Positif,Positif,Positif,pemerintah memfokuskan penguatan investasi deregulasi kebijakan strategi utama mengejar target penciptaan juta lapangan kerja selama masa pemerintahan presiden prabowo subianto wakil presiden gibran rakabuming raka deputi bidang koordinasi pengelolaan
Pada Apel Kebangsaan Buruh yang digelar pada Rabu (15/10) Kapolri Jenderal Polisi Drs. Listyo Sigit Prabowo M. Si. menyampaikan apresiasinya terhadap dukungan penuh kalangan buruh terhadap kebijakan pemerintah. Menurut Kapolri sinergi antara seluruh lapisan merupakan modal https://t.co/6PMEiPAlFu,2025-10-16 12:59:52+00:00,Positif,Positif,Positif,Positif,apel kebangsaan buruh digelar rabu kapolri jenderal polisi drs listyo sigit prabowo m si menyampaikan apresiasinya dukungan penuh kalangan buruh kebijakan pemerintah kapolri sinergi seluruh lapisan merupakan modal
Mensesneg beberkan capain setahun pemerintah Prabowo Gibran. . Jumat jule banten rejuran kebijakan strategis nkri menteri terbaik prabowo diplomasi perdamaian spin selamat ulang tahun https://t.co/jX4qZY7DA8,2025-10-18 10:46:59+00:00,Positif,Negatif,Positif,Positif,mensesneg beberkan capain setahun pemerintah prabowo gibran jumat jule banten rejuran kebijakan strategis nkri menteri terbaik prabowo diplomasi perdamaian spin selamat ulang tahun
Pemerintahan presiden prabowo kalau mau langsung terasa oleh masy dampaknya lakukan ; TEGAKAN HUKUM yang benar dan adil (1),2025-01-06 01:13:43+00:00,Negatif,Negatif,Negatif,Negatif,pemerintahan presiden prabowo kalau mau langsung terasa masy dampaknya lakukan tegakan hukum benar adil
Presiden RI Prabowo Subianto menegaskan pentingnya keberanian dalam memimpin dan membuat kebijakan yang berpihak kepada rakyat. Ia mencontohkan Program Makan Bergizi Gratis (MBG) sebagai bukti nyata komitmen pemerintah dalam meningkatkan kesejahteraan masyarakat. Untuk https://t.co/1HieI8Bz5H,2025-10-19 02:00:00+00:00,Positif,Positif,Positif,Positif,presiden ri prabowo subianto menegaskan pentingnya keberanian memimpin membuat kebijakan berpihak rakyat mencontohkan program makan bergizi gratis mbg bukti nyata komitmen pemerintah meningkatkan kesejahteraan masyarakat
Memasuki tahun pertama kepemimpinan Presiden Prabowo Subianto dan Wakil Presiden Gibran Rakabuming Raka pemerintah meluncurkan sederet kebijakan untuk memperkuat ekonomi kerakyatan. https://t.co/SLFXCIqvWV,2025-10-23 10:44:36+00:00,Negatif,Positif,Negatif,Negatif,memasuki tahun pertama kepemimpinan presiden prabowo subianto wakil presiden gibran rakabuming raka pemerintah meluncurkan sederet kebijakan memperkuat ekonomi kerakyatan
Presiden Prabowo berkomitmen kuat menurunkan angka kemiskinan di Indonesia. Dengan program tepat sasaran dan kebijakan pro-rakyat kesejahteraan menjadi fokus utama pemerintah https://t.co/lCpjZcu49t,2025-10-26 04:24:30+00:00,Positif,Positif,Positif,Positif,presiden prabowo berkomitmen kuat menurunkan angka kemiskinan indonesia program tepat sasaran kebijakan pro rakyat kesejahteraan menjadi fokus utama pemerintah
Ia menegaskan bahwa arah kebijakan pembangunan yang digagas pemerintah sejalan dengan visi besar Presiden Prabowo Subianto yaitu menjadikan ketahanan pangan air bersih dan energi sebagai pilar utama keberlanjutan nasional. Dalam konteks tersebut infrastruktur memegang peranan https://t.co/gtWHLxNqwN,2025-10-13 10:24:10+00:00,Negatif,Positif,Negatif,Negatif,menegaskan arah kebijakan pembangunan digagas pemerintah sejalan visi besar presiden prabowo subianto menjadikan ketahanan pangan air bersih energi pilar utama keberlanjutan nasional konteks tersebut infrastruktur memegang peranan
Benarkah pemerintahan Prabowo-Gibran dilabeli dengan pemerintah yang mencabut kebijakan setelah viral di masyarakat? Simak diskusinya dalam #OnPointKompasTV hanya di Youtube KompasTV! ‚ñ∂Ô∏è https://t.co/2OdVk3zDLv https://t.co/gF3bWo7vB7,2025-10-11 08:48:00+00:00,Negatif,Positif,Negatif,Negatif,benarkah pemerintahan prabowo gibran dilabeli pemerintah mencabut kebijakan viral masyarakat simak diskusinya youtube kompastv ‚ñ∂Ô∏è
Ekonomi makro penting banget nih buat mengerti gimana kinerja perekonomian suatu negara dari pengangguran inflasi sampai pertumbuhan ekonomi! Dengan kebijakan fiskal dan moneter yang tepat pemerintah bisa jaga stabilitas harga lapangan kerja dan kesejahteraan masyarakat. https://t.co/sY0tTbncEk,2025-10-24 08:02:02+00:00,Positif,Negatif,Positif,Positif,ekonomi makro penting banget nih buat mengerti gimana kinerja perekonomian suatu negara pengangguran inflasi pertumbuhan ekonomi kebijakan fiskal moneter tepat pemerintah jaga stabilitas harga lapangan kerja kesejahteraan masyarakat
Langkah Pemerintah Menuju 2026 Dr. Iswadi Tawarkan Analisis Kebijakan Nasional Era @prabowo Kebijakan nasional 2026 harus dibangun prinsip keadilan sosial keberlanjutan fiskal &amp; tanggung jawab moral masa depan bangsa. @gibran_tweet @setkabgoid #SPBI https://t.co/ibGJbBPCrG,2025-10-19 04:30:17+00:00,Positif,Negatif,Positif,Positif,langkah pemerintah menuju dr iswadi tawarkan analisis kebijakan nasional era kebijakan nasional dibangun prinsip keadilan sosial keberlanjutan fiskal amp tanggung jawab moral masa depan bangsa
Pembahasan RAPBN 2026 mencapai tahap kesepakatan Panja DPR dengan Pemerintah. Defisit Anggaran bertambah lebar dari Rp638 81 T (2 48% dari PDB) menjadi Rp689 15 T (2 68% PDB). Untuk membiayainya Pemerintah akan berutang lebih banyak lagi. Kebijakan fiskal Prabowo selanjutnya? https://t.co/4Xw7EbOqVs,2025-09-21 00:00:57+00:00,Positif,Positif,Positif,Positif,pembahasan rapbn mencapai tahap kesepakatan panja dpr pemerintah defisit anggaran bertambah lebar rp t pdb menjadi rp t pdb membiayainya pemerintah berutang lebih banyak kebijakan fiskal prabowo selanjutnya
Pemerintah menilai konsistensi kebijakan menjadi faktor penting dalam menarik minat investasi asing ke Indonesia. Hal itu disampaikan anggota Dewan Ekonomi Nasional (DEN) Mari Elka Pangestu dalam forum 1 Tahun Prabowo Gibran: Optimism on 8% Economic Growth yang digelar Metro https://t.co/U5HueAou0O,2025-10-16 06:31:58+00:00,Positif,Positif,Positif,Positif,pemerintah menilai konsistensi kebijakan menjadi faktor penting menarik minat investasi asing indonesia disampaikan anggota dewan ekonomi nasional den elka pangestu forum tahun prabowo gibran optimism on economic growth digelar metro
salut banget kinerja pak Prabowo kali ini memang bagus untuk kesejahteraan masyarakat #PaketEkonomi2025 Kebijakan Fiskal Pemerintah https://t.co/OV3awT9Ym6,2025-09-18 03:33:23+00:00,Positif,Positif,Positif,Positif,salut banget kinerja pak prabowo kali memang bagus kesejahteraan masyarakat kebijakan fiskal pemerintah
Ketua DPP PDI-P Ganjar Pranowo angkat bicara mengenai Budi Gunawan dan Hendrar Prihadi (Hendi) yang diganti Presiden Prabowo Subianto dari posisinya masing-masing yakni Menteri Koordinator bidang Politik dan Keamanan dan Kepala Lembaga Kebijakan Pengadaan Barang/Jasa Pemerintah https://t.co/CUR9eVqsBG,2025-09-18 23:45:50+00:00,Negatif,Negatif,Negatif,Negatif,ketua dpp pdi p ganjar pranowo angkat bicara mengenai budi gunawan hendrar prihadi hendi diganti presiden prabowo subianto posisinya masing masing menteri koordinator bidang politik keamanan kepala lembaga kebijakan pengadaan barang jasa pemerintah
Pemerintah berencana menerapkan kebijakan mandatori bensin campuran etanol 10% (E10). Menteri ESDM Bahlil Lahadalia mengatakan Presiden Prabowo telah menyetujui rencana ini demi mengurangi ketergantungan pada energi fosil dan impor BBM. #bahlillahadalia #etanol #bensin https://t.co/iCbuo2a1PE,2025-10-08 07:10:02+00:00,Positif,Negatif,Positif,Positif,pemerintah berencana menerapkan kebijakan mandatori bensin campuran etanol e menteri esdm bahlil lahadalia mengatakan presiden prabowo menyetujui rencana mengurangi ketergantungan energi fosil impor bbm
Bapak Presiden @prabowo ibarat pertandingan sepak bola pengamat yg jujur itu adalah para penonton demikian juga hal nya melihat kinerja pemerintah suara yg paling jujur itu adalah kritikan masyarakat yg langsung merasakan dampak dari setiap kebijakan dengarkan lah,2025-10-30 00:37:47+00:00,Positif,Negatif,Positif,Positif,bapak presiden ibarat pertandingan sepak bola pengamat yg jujur penonton nya melihat kinerja pemerintah suara yg paling jujur kritikan masyarakat yg langsung merasakan dampak kebijakan dengarkan lah
Pemerintah melalui Badan Penyelenggara Jaminan Sosial (BPJS) Kesehatan memastikan akan melaksanakan kebijakan penghapusan tunggakan iuran peserta atau pemutihan sesuai arahan Presiden Prabowo Subianto. Terimakasih Pak Presiden @prabowo https://t.co/Ie8jdpkPX0,2025-10-19 10:46:13+00:00,Negatif,Positif,Negatif,Negatif,pemerintah melalui badan penyelenggara jaminan sosial bpjs kesehatan memastikan melaksanakan kebijakan penghapusan tunggakan iuran peserta pemutihan sesuai arahan presiden prabowo subianto terimakasih pak presiden
Menutup Semester I-2025 BTN memaparkan kinerja positif dalam Public Expose Live 2025 (10/9).BTN menargetkan pertumbuhan kredit sebesar 7 9% yoy di tahun ini sejalan dengan penambahan kuota KPR Subsidi FLPP dan dukungan kebijakan pemerintah di sektor perumahan. #KinerjaBTNmelesat https://t.co/G6pgC12O1Q,2025-09-30 09:05:48+00:00,Negatif,Positif,Negatif,Negatif,menutup semester i btn memaparkan kinerja positif public expose live btn menargetkan pertumbuhan kredit sebesar yoy tahun sejalan penambahan kuota kpr subsidi flpp dukungan kebijakan pemerintah sektor perumahan
Menteri ESDM Bahlil Lahadalia mengumumkan bahwa Presiden Prabowo Subianto telah menyetujui kebijakan mandatori pencampuran etanol sebesar 10% atau E10 pada bahan bakar bensin. Kebijakan ini menjadi langkah baru pemerintah untuk mengurangi ketergantungan terhadap impor BBM yang https://t.co/U8MMxjnXfj,2025-10-08 09:21:55+00:00,Negatif,Positif,Negatif,Negatif,menteri esdm bahlil lahadalia mengumumkan presiden prabowo subianto menyetujui kebijakan mandatori pencampuran etanol sebesar e bahan bakar bensin kebijakan menjadi langkah baru pemerintah mengurangi ketergantungan impor bbm
Hilirisasi menjadi wajah kebijakan ekonomi baru pemerintah Prabowo-Gibran. Menjadi penopang peningkatan investasi. #Ekonomi #AdadiKompas https://t.co/jTZsVT0oHK,2025-10-07 23:41:46+00:00,Positif,Positif,Positif,Positif,hilirisasi menjadi wajah kebijakan ekonomi baru pemerintah prabowo gibran menjadi penopang peningkatan investasi
Selama satu tahun pemerintah Prabowo-Gibran kebijakan terkait pengendalian tembakau dinilai masih lemah. Kebijakan yang sudah diatur pun belum berjalan optimal. #Kesehatan #AdadiKompas https://t.co/xBl7X4sOSg,2025-10-21 08:32:29+00:00,Positif,Negatif,Positif,Positif,selama satu tahun pemerintah prabowo gibran kebijakan terkait pengendalian tembakau dinilai lemah kebijakan diatur berjalan optimal
Kebijakan Ruwet Prabowo: Jadi Polemik Dulu Dibatalkan Kemudian https://t.co/wJa5kLy7rl,2025-02-14 05:15:00+00:00,Negatif,Negatif,Negatif,Negatif,kebijakan ruwet prabowo jadi polemik dulu dibatalkan kemudian
Prabowo buktikan keberpihakan pemerintah lewat kebijakan harga gabah yang menguntungkan petani. #SwasembadaPangan https://t.co/AsGKdBqeit,2025-10-20 07:56:55+00:00,Negatif,Positif,Negatif,Negatif,prabowo buktikan keberpihakan pemerintah lewat kebijakan harga gabah menguntungkan petani
SPKS Desak Pemerintah Evaluasi Kebijakan Biodiesel B50 Jangan Jadikan Petani Sebagai Tumbal https://t.co/u7xD1Vzwi5 #beritasawit #Sawit #palmoil #infosawitcom #infosawit #SahabatKebun #indonesia #sawitbaik #Biodiesel #Prabowo #Biodieselsawit #InfoSPKS #PerisaiPrabowo #SPKS,2025-10-25 06:02:39+00:00,Positif,Positif,Positif,Positif,spks desak pemerintah evaluasi kebijakan biodiesel b jangan jadikan petani tumbal
Pemerintah terus inovasi kebijakan ekonomi agar Indonesia tetap kuat di tengah ketidakpastian global kita semua harus support! https://t.co/nBYEd9IqB5,2025-10-23 05:14:45+00:00,Negatif,Positif,Negatif,Negatif,pemerintah terus inovasi kebijakan ekonomi indonesia tetap kuat tengah ketidakpastian global semua support
Presiden prabowo luncurkan paket ekonomi 2025: 8+4+5. Ekonomi tak cukup tumbuh harus terasa. presiden prabowo ingin rakyat merasakan manfaat bukan sekedar grafik #PaketEkonomi2025 Kebijakan Fiskal Pemerintah https://t.co/MwgCteGvuE,2025-09-18 02:56:01+00:00,Positif,Positif,Positif,Positif,presiden prabowo luncurkan paket ekonomi ekonomi tak cukup tumbuh terasa presiden prabowo rakyat merasakan manfaat bukan sekedar grafik kebijakan fiskal pemerintah
Pemerintah resmi menurunkan harga eceran tertinggi pupuk hingga 20 persen. Kebijakan ini berlaku mulai 22 Oktober 2025 dan bertepatan dengan satu tahun pemerintahan presiden Prabowo Subianto. #PupukTurun20Persen Ekonomi Makro Stabil https://t.co/U1rrzYuQTv,2025-10-23 02:55:58+00:00,Positif,Positif,Positif,Positif,pemerintah resmi menurunkan harga eceran tertinggi pupuk hingga persen kebijakan berlaku mulai oktober bertepatan satu tahun pemerintahan presiden prabowo subianto ekonomi makro stabil
Kinerja pemerintah makin terasa dari kebijakan yang menyentuh langsung rakyat https://t.co/jb5PuRxfAF #LangkahNyataUntukIndonesia,2025-10-18 06:21:43+00:00,Negatif,Negatif,Positif,Negatif,kinerja pemerintah makin terasa kebijakan menyentuh langsung rakyat
1 tahun masa pemerintahan Prabowo Subianto #PetaniSejahtera pertanian menjadi fokus utama Kebijakan pemerintah dalam satu tahun ini dinilai berhasil membangun persepsi positif di mata publik . https://t.co/VWn8yY4F91 https://t.co/C72utofXV8,2025-10-13 03:14:40+00:00,Positif,Positif,Negatif,Positif,tahun masa pemerintahan prabowo subianto pertanian menjadi fokus utama kebijakan pemerintah satu tahun dinilai berhasil membangun persepsi positif mata publik
pemerintah akan terus mengawal implementasi kebijakan di lapangan agar harga tidak jatuh di bawah HPP dan memastikan distribusi berjalan lancar #PetaniSejahtera 1 Tahun Pemerintahan Prabowo https://t.co/eVMNm3xovT,2025-10-13 02:55:06+00:00,Positif,Positif,Positif,Positif,pemerintah terus mengawal implementasi kebijakan lapangan harga jatuh bawah hpp memastikan distribusi berjalan lancar tahun pemerintahan prabowo
Hilirisasi menjadi wajah kebijakan ekonomi baru pemerintah Prabowo-Gibran. Menjadi penopang peningkatan investasi. #Ekonomi #AdadiKompas https://t.co/5SMbsJM4XX,2025-10-07 23:19:04+00:00,Positif,Positif,Negatif,Positif,hilirisasi menjadi wajah kebijakan ekonomi baru pemerintah prabowo gibran menjadi penopang peningkatan investasi
Setahun Prabowo: Kebijakan Tanpa Data Pemerintah Tanpa ArahÔ∏è Klaim tersebut tidak akurat dan bertentangan dengan fakta capaian pemerintahan Presiden Prabowo Subianto dalam satu tahun pertama (Oktober 2024 Oktober 2025). ‚ñ†Berdasarkan data resmi dari berbagai lembaga,2025-10-22 12:28:04+00:00,Positif,Negatif,Positif,Positif,setahun prabowo kebijakan data pemerintah arahÔ∏è klaim tersebut akurat bertentangan fakta capaian pemerintahan presiden prabowo subianto satu tahun pertama oktober oktober ‚ñ†berdasarkan data resmi berbagai lembaga
Nonton film kualitas HD dengan subtitle Indonesia tanpa buffering disini https://t.co/Gq6G8TzFWM #ProofOfFortification #TREASURE_EVERYTHING_MV EVERYTHING MV OUT NOW #waktunyastart #paketekonomi2025 Jumat kebijakan fiskal pemerintah upaya pengabdian maksimal prabowo in pdip out https://t.co/575KXmbkNB,2025-09-19 03:39:44+00:00,Negatif,Negatif,Positif,Negatif,nonton film kualitas hd subtitle indonesia buffering disini everything mv out now jumat kebijakan fiskal pemerintah upaya pengabdian maksimal prabowo in pdip out
‚ÄºÔ∏è Rekap Keasbunan/Komunikasi Buruk Pejabat RI [UPDATE hingga kini] Ô∏è Pindah aja kalau perlu ngga usah balik - Luhut Binsar Pandjaitan sindir kritik kebijakan September 2024. Ô∏è Rakyat miskin tapi bahagia - Zulkifli Hasan komentari kemiskinan Januari 2025. Ô∏è,2025-06-13 14:12:32+00:00,Positif,Negatif,Positif,Positif,‚ÄºÔ∏è rekap keasbunan komunikasi buruk pejabat ri update hingga kini Ô∏è pindah aja kalau perlu ngga usah balik luhut binsar pandjaitan sindir kritik kebijakan september Ô∏è rakyat miskin bahagia zulkifli hasan komentari kemiskinan januari Ô∏è
Menjadi fokus utama pertanian pada kebijakan pemerintah presiden @prabowo dalam satu tahun ini dinilai berhasil membangun persepsi positif di mata publik . https://t.co/8f5uvlDO7e #PetaniSejahtera 1 Tahun Pemerintahan Prabowo https://t.co/hy7x5dvrpe,2025-10-13 03:17:51+00:00,Positif,Positif,Positif,Positif,menjadi fokus utama pertanian kebijakan pemerintah presiden satu tahun dinilai berhasil membangun persepsi positif mata publik tahun pemerintahan prabowo
Untuk pertama kalinya dalam sejarah program pupuk bersubsidi pemerintah secara resmi menurunkan harga eceran tertinggi (HET) pupuk hingga 20 persen berlaku mulai 22 Oktober 2025. Kebijakan ini bertepatan dengan satu tahun pemerintahan Presiden Prabowo Subianto dan dilakukan https://t.co/nffFcEq3BL,2025-10-22 09:52:14+00:00,Positif,Positif,Positif,Positif,pertama kalinya sejarah program pupuk bersubsidi pemerintah resmi menurunkan harga eceran tertinggi het pupuk hingga persen berlaku mulai oktober kebijakan bertepatan satu tahun pemerintahan presiden prabowo subianto dilakukan
Menutup Semester I-2025 BTN memaparkan kinerja positif dalam Public Expose Live 2025 (10/9). BTN menargetkan pertumbuhan kredit sebesar 7 9% yoy di tahun ini sejalan dengan penambahan kuota KPR Subsidi FLPP dan dukungan kebijakan pemerintah https://t.co/KVV2Mcvu5X,2025-09-24 02:52:15+00:00,Positif,Positif,Positif,Positif,menutup semester i btn memaparkan kinerja positif public expose live btn menargetkan pertumbuhan kredit sebesar yoy tahun sejalan penambahan kuota kpr subsidi flpp dukungan kebijakan pemerintah
@DarkMassacres Dari 2010 hingga 2025 pengeluaran dan kebijakan fiskal Indonesia meningkat signifikan. Selama era Jokowi (2014 2024) belanja negara naik rata-rata menjadi sekitar 15 4% dari PDB per tahun dengan utang pemerintah bertambah lebih dari Rp6.000 triliun. Di bawah Prabowo (mulai,2025-10-26 15:18:40+00:00,Negatif,Negatif,Positif,Negatif,hingga pengeluaran kebijakan fiskal indonesia meningkat signifikan selama era jokowi belanja negara naik rata rata menjadi pdb per tahun utang pemerintah bertambah lebih rp triliun bawah prabowo mulai
Pertemuan Presiden Prabowo dan Dasco ke Istana Bahas Sejumlah Program Prioritas dan Kebijakan Pemerintah https://t.co/FBxoYoGQU6 lewat @Keuangan News https://t.co/RZjhw1cJ4n,2025-09-11 03:31:59+00:00,Positif,Positif,Positif,Positif,pertemuan presiden prabowo dasco istana bahas sejumlah program prioritas kebijakan pemerintah lewat news
Pak @prabowo tau ga ya klo kebijakan pemerintah merugikan masyarakat. Perilaku oknum di SPBU plat merah yg membuat rakyat makin ga mau isi di SPBU tsb Atau bawahannya lapor bagus2 alias ABS terus ke atas ? Cc @pakmul63,2025-09-19 08:05:43+00:00,Positif,Positif,Positif,Positif,pak tau ga klo kebijakan pemerintah merugikan masyarakat perilaku oknum spbu plat merah yg membuat rakyat makin ga mau isi spbu tsb bawahannya lapor bagus alias abs terus atas cc
Pada Apel Kebangsaan Buruh yang digelar pada Rabu (15/10) Kapolri Jenderal Polisi Drs. Listyo Sigit Prabowo M. Si. menyampaikan apresiasinya terhadap dukungan penuh kalangan buruh terhadap kebijakan pemerintah. https://t.co/cz73QkEZGb,2025-10-16 13:26:49+00:00,Positif,Positif,Positif,Positif,apel kebangsaan buruh digelar rabu kapolri jenderal polisi drs listyo sigit prabowo m si menyampaikan apresiasinya dukungan penuh kalangan buruh kebijakan pemerintah
Presiden Prabowo Subianto mereshuffle kabinetnya Senin 8 September 2025. Reshuffle jika hanya mengganti orang terasa percuma. Masuknya orang-orang baru dalam kabinet Merah Putih diharapkan publik sebagai kebijakan adaptif pemerintah untuk meninjau kembali strategi yang dibuat https://t.co/PaxAnwdVhD,2025-09-09 10:13:52+00:00,Positif,Positif,Positif,Positif,presiden prabowo subianto mereshuffle kabinetnya senin september reshuffle mengganti orang terasa percuma masuknya orang orang baru kabinet merah putih diharapkan publik kebijakan adaptif pemerintah meninjau strategi dibuat
Hilirisasi menjadi wajah kebijakan ekonomi baru pemerintah Prabowo-Gibran. Menjadi penopang peningkatan investasi. #Ekonomi #AdadiKompas https://t.co/9hD0jfbraB,2025-10-07 23:16:55+00:00,Positif,Positif,Positif,Positif,hilirisasi menjadi wajah kebijakan ekonomi baru pemerintah prabowo gibran menjadi penopang peningkatan investasi
Menutup Semester I-2025 BTN memaparkan kinerja positif dalam Public Expose Live 2025 (10/9). BTN menargetkan pertumbuhan kredit sebesar 7 9% yoy di tahun ini sejalan dengan penambahan kuota KPR Subsidi FLPP dan dukungan kebijakan pemerintah di sektor perumahan. https://t.co/IOEjkYDPaq,2025-09-29 02:53:43+00:00,Positif,Positif,Positif,Positif,menutup semester i btn memaparkan kinerja positif public expose live btn menargetkan pertumbuhan kredit sebesar yoy tahun sejalan penambahan kuota kpr subsidi flpp dukungan kebijakan pemerintah sektor perumahan
Cari musuh? Kalian yang memusuhi aku karena aku kritik kebijakan pak Jokowi. Kalian kritik kebijakan pak Prabowo aku santai saja. Kalian gak mau dukung pemerintah bukan urusanku. Selama masih dibayar oleh rakyat maka rakyat berhak kritik kebijakan yang berdampak kepada rakyat.,2025-10-30 16:28:24+00:00,Positif,Positif,Positif,Positif,cari musuh kalian memusuhi aku aku kritik kebijakan pak jokowi kalian kritik kebijakan pak prabowo aku santai kalian gak mau dukung pemerintah bukan urusanku selama dibayar rakyat rakyat berhak kritik kebijakan berdampak rakyat
Pemerintah melalui Badan Penyelenggara Jaminan Sosial (BPJS) Kesehatan memastikan akan melaksanakan kebijakan penghapusan tunggakan iuran peserta atau pemutihan sesuai arahan Presiden Prabowo Subianto. https://t.co/y3ciQcQKlb,2025-10-18 08:06:30+00:00,Positif,Positif,Positif,Positif,pemerintah melalui badan penyelenggara jaminan sosial bpjs kesehatan memastikan melaksanakan kebijakan penghapusan tunggakan iuran peserta pemutihan sesuai arahan presiden prabowo subianto
Menutup Semester I-2025 BTN memaparkan kinerja positif dalam Public Expose Live 2025 . BTN menargetkan pertumbuhan kredit sebesar 7 9% yoy di tahun ini sejalan dengan penambahan kuota KPR Subsidi FLPP dan dukungan kebijakan pemerintah di sektor perumahan. #KinerjaBTNmelesat https://t.co/nJkKIgezjm,2025-09-30 16:57:15+00:00,Positif,Positif,Positif,Positif,menutup semester i btn memaparkan kinerja positif public expose live btn menargetkan pertumbuhan kredit sebesar yoy tahun sejalan penambahan kuota kpr subsidi flpp dukungan kebijakan pemerintah sektor perumahan
PDIP Hormati Keputusan Presiden Prabowo Ganti Kepala LKPP PDI Perjuangan (PDIP) menegaskan sikapnya untuk menghormati kewenangan Presiden Prabowo Subianto dalam menunjuk Kepala Lembaga Kebijakan Pengadaan Barang/Jasa Pemerintah (LKPP) yang baru. Presiden Prabowo baru saja https://t.co/kxYTY81ppf,2025-09-18 12:15:00+00:00,Negatif,Positif,Negatif,Negatif,pdip hormati keputusan presiden prabowo ganti kepala lkpp pdi perjuangan pdip menegaskan sikapnya menghormati kewenangan presiden prabowo subianto menunjuk kepala lembaga kebijakan pengadaan barang jasa pemerintah lkpp baru presiden prabowo baru
Ada kabar baik buat para petani Indonesia!‚Å£ ‚Å£ Untuk pertama kalinya dalam sejarah pemerintah resmi menurunkan harga eceran tertinggi (HET) pupuk bersubsidi hingga 20% yang mulai berlaku pada 22 Oktober 2025.‚Å£ &gt;&gt; https://t.co/kyKvdJdnpt https://t.co/hUX6DxgRmI,2025-10-22 10:30:01+00:00,Positif,Positif,Negatif,Positif,kabar baik buat petani indonesia ‚Å£ ‚Å£ pertama kalinya sejarah pemerintah resmi menurunkan harga eceran tertinggi het pupuk bersubsidi hingga mulai berlaku oktober ‚Å£ gt gt
Politikus PDI Perjuangan Ahmad Basarah tegaskan partainya menghormati keputusan Presiden Prabowo Subianto mengganti Kepala Lembaga Kebijakan Pengadaan Barang/Jasa Pemerintah (LKPP) Hendrar Prihadi atau Hendi dari jabatannya. PDI Perjuangan sangat menghormati prinsip bernegara https://t.co/knObbCO2FY,2025-09-19 00:50:31+00:00,Negatif,Negatif,Negatif,Negatif,politikus pdi perjuangan ahmad basarah tegaskan partainya menghormati keputusan presiden prabowo subianto mengganti kepala lembaga kebijakan pengadaan barang jasa pemerintah lkpp hendrar prihadi hendi jabatannya pdi perjuangan sangat menghormati prinsip bernegara
@DarkMassacres Kekhawatiran Anda tentang perubahan kebijakan Prabowo yang mengarah pada militerisme dan penyalahgunaan Polri dapat dimengerti terutama dengan revisi UU TNI yang memperluas peran militer di jabatan sipil. Namun pemerintah menyatakan langkah ini untuk memperkuat keamanan,2025-10-25 03:21:49+00:00,Positif,Negatif,Positif,Positif,kekhawatiran perubahan kebijakan prabowo mengarah militerisme penyalahgunaan polri dimengerti terutama revisi uu tni memperluas peran militer jabatan sipil pemerintah menyatakan langkah memperkuat keamanan
@DarkMassacres Kebijakan pemerintah di bawah Prabowo Subianto difokuskan pada penegakan hukum yang tegas untuk mengurangi kejahatan termasuk bullying dan pemerkosaan. Namun peningkatan kasus sering kali mencerminkan faktor sosial pendidikan dan pelaporan yang lebih baik bukan semata karena,2025-10-25 03:47:29+00:00,Positif,Positif,Positif,Positif,kebijakan pemerintah bawah prabowo subianto difokuskan penegakan hukum tegas mengurangi kejahatan termasuk bullying pemerkosaan peningkatan kasus sering kali mencerminkan faktor sosial pendidikan pelaporan lebih baik bukan semata
Ketua DPP PDI-P Ahmad Basarah menegaskan partainya menghormati keputusan Presiden Prabowo Subianto yang mengganti Hendrar Prihadi dari jabatan Kepala Lembaga Kebijakan Pengadaan Barang/Jasa Pemerintah (LKPP). Basarah menyebut pergantian tersebut merupakan hak prerogatif https://t.co/zuacNYprG8,2025-09-18 12:48:30+00:00,Negatif,Negatif,Negatif,Negatif,ketua dpp pdi p ahmad basarah menegaskan partainya menghormati keputusan presiden prabowo subianto mengganti hendrar prihadi jabatan kepala lembaga kebijakan pengadaan barang jasa pemerintah lkpp basarah menyebut pergantian tersebut merupakan hak prerogatif
Menutup Semester I-2025 BTN memaparkan kinerja positif dalam Public Expose Live 2025 (10/9). BTN menargetkan pertumbuhan kredit sebesar 7 9% yoy di tahun ini sejalan dengan penambahan kuota KPR Subsidi FLPP dan dukungan kebijakan pemerintah di sektor perumahan.,2025-09-29 08:08:52+00:00,Positif,Positif,Positif,Positif,menutup semester i btn memaparkan kinerja positif public expose live btn menargetkan pertumbuhan kredit sebesar yoy tahun sejalan penambahan kuota kpr subsidi flpp dukungan kebijakan pemerintah sektor perumahan
Menteri Pertanian Andi Amran Sulaiman menyampaikan Pemerintah memutuskan menurunkan harga pupuk subsidi sebesar 20 persen. Kebijakan ini merupakan langkah bersejarah di satu tahun pemerintahan Prabowo-Gibran untuk meringankan beban petani Rabu (22/10) siang. Hel https://t.co/AqkTKVGHaQ,2025-10-22 04:01:42+00:00,Negatif,Positif,Negatif,Negatif,menteri pertanian andi amran sulaiman menyampaikan pemerintah memutuskan menurunkan harga pupuk subsidi sebesar persen kebijakan merupakan langkah bersejarah satu tahun pemerintahan prabowo gibran meringankan beban petani rabu siang hel
Dua kebijakan stimulus ekonomi pemerintah yakni dg menambah jumlah penerima bantuan langsung tunai (BLT) serta peserta program magang nasional merupakan bagian dri program percepatan atau quick wins pemerintahan Prabowo dg anggaran https://t.co/015wayYMzL,2025-10-24 07:34:47+00:00,Negatif,Positif,Negatif,Negatif,kebijakan stimulus ekonomi pemerintah dg menambah jumlah penerima bantuan langsung tunai blt peserta program magang nasional merupakan bagian dri program percepatan quick wins pemerintahan prabowo dg anggaran
Rekomendasi benih biji bunga matahari jumbo ada di sini: https://t.co/h5z5TonACH _-----_-----_-----_-----_ Prabowo sarapan Nepalkan Damon Albarn kebijakan fiskal pemerintah https://t.co/sULf597eIv,2025-09-18 03:16:49+00:00,Negatif,Negatif,Negatif,Negatif,rekomendasi benih biji bunga matahari jumbo sini prabowo sarapan nepalkan damon albarn kebijakan fiskal pemerintah
@lecfosil @jerkdumbass Saat ini di Indonesia banyak demo anti-pemerintah Prabowo karena kebijakan seperti pemotongan anggaran kenaikan pajak dan revisi UU TNI yang ditakutkan bikin militer campur urusan sipil. Protes udah berlangsung berbulan-bulan melibatkan mahasiswa buruh dan masyarakat. Kamu,2025-10-29 00:43:56+00:00,Positif,Positif,Positif,Positif,indonesia banyak demo anti pemerintah prabowo kebijakan pemotongan anggaran kenaikan pajak revisi uu tni ditakutkan bikin militer campur urusan sipil protes udah berlangsung berbulan bulan melibatkan mahasiswa buruh masyarakat kamu
@DarkMassacres Saya paham frustrasimu soal kemiskinan dan kekhawatiran kebijakan Prabowo-Gibran ke depan. Bertahan hidup memang butuh usaha nyata seperti skill digital atau side hustle yang fleksibel biar gak tergantung sepenuhnya pada pemerintah. Fokus bangun fondasi pribadi dulu karena,2025-10-25 14:05:32+00:00,Negatif,Positif,Negatif,Negatif,paham frustrasimu soal kemiskinan kekhawatiran kebijakan prabowo gibran depan bertahan hidup memang butuh usaha nyata skill digital side hustle fleksibel biar gak tergantung sepenuhnya pemerintah fokus bangun fondasi pribadi dulu
Pertemuan Malam di Hambalang Prabowo dan Pejabat Negara Bahas Arah Kebijakan Pemerintah Presiden Prabowo Subianto menggelar pertemuan dengan sejumlah pejabat negara di kediamannya Hambalang Bogor Jawa Barat Sabtu (11/10/2025) malam. Pertemuan tersebut membahas sejumlah isu https://t.co/SaScAfUSDh,2025-10-12 01:00:01+00:00,Positif,Positif,Positif,Positif,pertemuan malam hambalang prabowo pejabat negara bahas arah kebijakan pemerintah presiden prabowo subianto menggelar pertemuan sejumlah pejabat negara kediamannya hambalang bogor jawa barat sabtu malam pertemuan tersebut membahas sejumlah isu
Pemerintah luncurkan BLT dan program magang untuk 35 juta warga. . Jumat jule banten rejuran kebijakan strategis nkri menteri terbaik prabowo diplomasi perdamaian spin selamat ulang tahun https://t.co/B0eVNfKapW,2025-10-18 10:43:18+00:00,Positif,Positif,Positif,Positif,pemerintah luncurkan blt program magang juta warga jumat jule banten rejuran kebijakan strategis nkri menteri terbaik prabowo diplomasi perdamaian spin selamat ulang tahun
Menutup Semester I-2025 BTN memaparkan kinerja positif dalam Public Expose Live 2025 (10/9). BTN menargetkan pertumbuhan kredit sebesar 7 9% yoy di tahun ini sejalan dengan penambahan kuota KPR Subsidi FLPP dan dukungan kebijakan pemerintah di sektor perumahan. https://t.co/X2Caux8yHj,2025-10-02 01:30:30+00:00,Positif,Positif,Positif,Positif,menutup semester i btn memaparkan kinerja positif public expose live btn menargetkan pertumbuhan kredit sebesar yoy tahun sejalan penambahan kuota kpr subsidi flpp dukungan kebijakan pemerintah sektor perumahan
@BapakFadilLagi @DianSandiU CELIOS adalah Center of Economic and Law Studies lembaga riset independen yang fokus pada isu ekonomi hukum transisi energi dan ketidakadilan sistemik. Mereka melakukan survei serta analisis kebijakan publik termasuk penilaian kinerja pemerintah. Didirikan sekitar 2020 oleh,2025-10-22 07:07:21+00:00,Positif,Positif,Positif,Positif,celios center of economic and law studies lembaga riset independen fokus isu ekonomi hukum transisi energi ketidakadilan sistemik melakukan survei analisis kebijakan publik termasuk penilaian kinerja pemerintah didirikan
@molangie_ Kamu suka omongin kritik pedas ke pemerintah sekarang terutama kebijakan Prabowo yang dianggap gagal seperti efisiensi anggaran bikin rakyat susah (contoh ambulance boat kehabisan BBM) rupiah ambruk dan politik dinasti Gibran. Sering nyebut pemerintah bajingan atau jahat,2025-10-29 15:22:14+00:00,Positif,Positif,Positif,Positif,kamu suka omongin kritik pedas pemerintah sekarang terutama kebijakan prabowo dianggap gagal efisiensi anggaran bikin rakyat susah contoh ambulance boat kehabisan bbm rupiah ambruk politik dinasti gibran sering nyebut pemerintah bajingan jahat
Relasi Prabowo dengan Megawati dan PDI-P dispekulasikan merenggang setelah reshuffle kabinet. Apalagi kritik mengalir dari elite PDI-P terhadap kebijakan pemerintah. #Polhuk #AdadiKompas https://t.co/7ffklwV6aH,2025-09-26 03:43:43+00:00,Positif,Negatif,Positif,Positif,relasi prabowo megawati pdi p dispekulasikan merenggang reshuffle kabinet kritik mengalir elite pdi p kebijakan pemerintah
Pak @prabowo sepertinya ada banyak masalah akibat kebijakan pemerintah yang asal dan tidak memperhatikan rakyat d bawah.. negara ini seperti jalan masing masing entah kemana tujuaannya... Rakyat makin muak,2025-09-28 00:36:27+00:00,Positif,Positif,Positif,Positif,pak sepertinya banyak masalah akibat kebijakan pemerintah asal memperhatikan rakyat d bawah negara jalan masing masing entah tujuaannya rakyat makin muak
Kebijakan kebijakan pemerintah saiki cen bajingan kabeh. Ayo nek dilawan bareng bareng cah. Aku bagian prabowo. Liyane sak karepmu!,2025-09-26 03:35:44+00:00,Positif,Negatif,Positif,Positif,kebijakan kebijakan pemerintah saiki cen bajingan kabeh ayo nek dilawan bareng bareng cah aku bagian prabowo liyane sak karepmu
Relasi Prabowo dengan Megawati dan PDI-P dispekulasikan merenggang setelah reshuffle kabinet. Apalagi kritik mengalir dari elite PDI-P terhadap kebijakan pemerintah. #Polhuk #AdadiKompas https://t.co/IRo8mQAJOC,2025-09-26 03:41:14+00:00,Positif,Positif,Positif,Positif,relasi prabowo megawati pdi p dispekulasikan merenggang reshuffle kabinet kritik mengalir elite pdi p kebijakan pemerintah
2. Kegagalan Pemerintah dan @DPR_RI menciptakan suatu strategi peningkatan kesejahteraan rakyat malah buat kebijakan yg membelah rakyat menjadi simiskin dan si kaya bukankah ini bertentangan dgn UUD NRI 1945 ps 27:1 28D:1 Cc @prabowo @bang_dasco @JimlyAs @setkabgoid,2025-10-01 05:27:05+00:00,Positif,Positif,Positif,Positif,kegagalan pemerintah menciptakan suatu strategi peningkatan kesejahteraan rakyat malah buat kebijakan yg membelah rakyat menjadi simiskin si kaya bukankah bertentangan dgn uud nri ps d cc
Jujur. Tiap hari disuguhin berita2 bodoh kyk gini. Gw mau serius nanya diantara kabinet prabowo gaada kah yang WARAS DIKIT gitu? Atau jangan¬≤ yang waras emg sengaja ga dipilih biar bisa bikin kebijakan lebih tolol? Sorry agak kasar soalnya buat pemerintah.,2025-10-22 10:52:24+00:00,Positif,Positif,Positif,Positif,jujur tiap hari disuguhin berita bodoh kyk gini gw mau serius nanya diantara kabinet prabowo gaada waras dikit gitu jangan¬≤ waras emg sengaja ga dipilih biar bikin kebijakan lebih tolol sorry kasar soalnya buat pemerintah
@idextratime Ini prabowo bener2 udah gagal jadi presiden sih dr tgl 25 sampai skrg blm ada tindakan apa2,2025-08-30 01:00:15+00:00,Positif,Positif,Positif,Positif,prabowo bener udah gagal jadi presiden sih dr tgl skrg blm tindakan apa
Pemerintah Pusat harus tegas thd gubernur2 yg membuat kebijakan yg bisa menimbulkan perpecahan seperti mobil plat luar daerah TDK boleh beroperasi . Itu kebijakan sontoloyo. Tegakkan saja hukum secara umum jadi TDK ada hukum2/aturan2 lokal yg tumpang tindih. @prabowo,2025-10-04 02:07:18+00:00,Positif,Positif,Positif,Positif,pemerintah pusat tegas thd gubernur yg membuat kebijakan yg menimbulkan perpecahan mobil plat luar daerah tdk beroperasi kebijakan sontoloyo tegakkan hukum umum jadi tdk hukum aturan lokal yg tumpang tindih
Pemerintahan Presiden Prabowo terus geber program andalannya yaitu sekolah rakyat. Program pendidikan model asrama jadi salah satu kebijakan yang dikritik Aliansi Ekonom Indonesia lantaran tanpa survei kebijakan. Namun pemerintah terus tancap gas. Malah Presiden targetkan bisa,2025-09-12 02:18:25+00:00,Positif,Positif,Positif,Positif,pemerintahan presiden prabowo terus geber program andalannya sekolah rakyat program pendidikan model asrama jadi salah satu kebijakan dikritik aliansi ekonom indonesia lantaran survei kebijakan pemerintah terus tancap gas malah presiden targetkan
